-0.1152,-0.11625,-0.1171,-0.11636,-0.11251,-0.11677,-0.11772,-0.1137,-0.11677,-0.11616,-0.11993,-0.11926,-0.12011,-0.1186,-0.11353,-0.11596,-0.11794,-0.1152,-0.1141,-0.11535,-0.11719,-0.11647,-0.11193,-0.11264,-0.11687,-0.11634,-0.11324,-0.11504,-0.11692,-0.11665,-0.11282,-0.11706,1
-0.11636,-0.11068,-0.11364,-0.11796,-0.1172,-0.11434,-0.11374,-0.11445,-0.11515,-0.11701,-0.11668,-0.1156,-0.11532,-0.11601,-0.11604,-0.1163,-0.11606,-0.11616,-0.11566,-0.11513,-0.11403,-0.115,-0.11663,-0.11585,-0.11481,-0.11517,-0.11591,-0.11054,-0.11738,-0.11515,-0.11627,-0.11711,1
-0.11718,-0.11765,-0.11777,-0.11774,-0.11779,-0.11776,-0.11752,-0.11782,-0.11769,-0.11763,-0.11768,-0.11776,-0.11785,-0.11774,-0.11767,-0.11743,-0.11545,-0.11774,-0.11768,-0.11768,-0.11763,-0.1179,-0.1183,-0.11768,-0.11797,-0.11726,-0.11801,-0.11788,-0.11786,-0.11521,-0.1179,-0.11831,1
-0.11884,-0.11483,-0.11617,-0.11292,-0.11914,-0.11765,-0.11843,-0.11708,-0.1164,-0.11706,-0.11866,-0.11772,-0.11464,-0.11701,-0.1156,-0.11452,-0.11906,-0.11398,-0.11586,-0.11918,-0.11731,-0.11893,-0.1131,-0.1159,-0.11756,-0.11176,-0.11757,-0.11969,-0.11205,-0.11582,-0.11277,-0.11751,1
-0.10529,-0.10955,-0.11148,-0.11431,-0.11353,-0.11459,-0.11442,-0.11505,-0.1133,-0.1078,-0.11264,-0.11592,-0.10975,-0.10846,-0.10325,-0.1087,-0.111,-0.10953,-0.11311,-0.10935,-0.11226,-0.10827,-0.10485,-0.11033,-0.11139,-0.10951,-0.11347,-0.11378,-0.11544,-0.11391,-0.11275,-0.11771,1
-0.11954,-0.12126,-0.1178,-0.11398,-0.11402,-0.11732,-0.11609,-0.11301,-0.11501,-0.11487,-0.11457,-0.11827,-0.11656,-0.11293,-0.11235,-0.1105,-0.11796,-0.11342,-0.11221,-0.11319,-0.10982,-0.11501,-0.112,-0.11495,-0.11268,-0.11741,-0.11243,-0.11978,-0.11103,-0.11809,-0.11727,-0.11875,1
-0.11712,-0.11577,-0.11775,-0.11809,-0.11625,-0.11708,-0.11748,-0.11766,-0.11799,-0.11797,-0.11791,-0.11973,-0.11545,-0.11953,-0.11248,-0.11391,-0.12052,-0.11582,-0.11573,-0.11295,-0.11552,-0.11244,-0.11666,-0.1181,-0.11696,-0.11743,-0.11678,-0.11686,-0.11492,-0.11512,-0.11541,-0.11083,1
-0.10878,-0.11859,-0.11931,-0.11703,-0.11766,-0.11552,-0.11976,-0.11862,-0.1166,-0.11997,-0.11832,-0.11721,-0.11783,-0.11773,-0.1179,-0.1195,-0.11811,-0.11732,-0.11772,-0.11786,-0.11699,-0.11911,-0.11813,-0.11629,-0.11345,-0.11929,-0.11877,-0.11914,-0.11933,-0.11534,-0.11988,-0.11694,1
-0.096781,-0.10504,-0.11092,-0.11784,-0.115,-0.11751,-0.11308,-0.096588,-0.063572,-0.025557,-0.057931,-0.098436,-0.11853,-0.11521,-0.11816,-0.11902,-0.11344,-0.11853,-0.11813,-0.11926,-0.1166,-0.11933,-0.12109,-0.11821,-0.11149,-0.11662,-0.11863,-0.11725,-0.11821,-0.121,-0.10498,-0.10101,1
-0.11387,-0.11523,-0.11169,-0.09522,-0.091671,-0.080869,-0.016615,0.006589,0.029668,0.18213,0.18808,0.10909,-0.091038,-0.10106,-0.09261,-0.085703,-0.087772,-0.071628,-0.10582,-0.11435,-0.11232,-0.11473,-0.11359,-0.11895,-0.11685,-0.11595,-0.12067,-0.11645,-0.11189,-0.11759,-0.11825,-0.1159,1
-0.11569,-0.11678,-0.11647,-0.11694,-0.1137,-0.11956,-0.1148,-0.12055,-0.11773,-0.11797,-0.11702,-0.11876,-0.10535,-0.11481,-0.11545,-0.11301,-0.11719,-0.11656,-0.11401,-0.11806,-0.11558,-0.11825,-0.1166,-0.1168,-0.1169,-0.11652,-0.1152,-0.11613,-0.11745,-0.11717,-0.11588,-0.11934,1
-0.11847,-0.1175,-0.11868,-0.11751,-0.11438,-0.11508,-0.11951,-0.1183,-0.11661,-0.11624,-0.11777,-0.11652,-0.11812,-0.12132,-0.11849,-0.11692,-0.11778,-0.11808,-0.11754,-0.11498,-0.12087,-0.1105,-0.11409,-0.11347,-0.11399,-0.1165,-0.11693,-0.11695,-0.11514,-0.11759,-0.11299,-0.11773,1
-0.11468,-0.11442,-0.11059,-0.10878,-0.10791,-0.10815,-0.11518,-0.10618,-0.11055,-0.10981,-0.11448,-0.11384,-0.11404,-0.11484,-0.10991,-0.11043,-0.11265,-0.11411,-0.11667,-0.11431,-0.11649,-0.11362,-0.11541,-0.11698,-0.11446,-0.11641,-0.11673,-0.10583,-0.10921,-0.10787,-0.11525,-0.11224,1
-0.1163,-0.11878,-0.11572,-0.11691,-0.11869,-0.12036,-0.11749,-0.11678,-0.11605,-0.11725,-0.11554,-0.1168,-0.11825,-0.11835,-0.11879,-0.11447,-0.11398,-0.11499,-0.11948,-0.1161,-0.11538,-0.11768,-0.1191,-0.11689,-0.11449,-0.114,-0.11587,-0.11204,-0.11602,-0.11602,-0.12015,-0.11082,1
-0.11736,-0.1135,-0.11767,-0.12132,-0.1186,-0.11768,-0.11966,-0.11244,-0.12084,-0.11806,-0.11659,-0.11869,-0.11863,-0.12024,-0.11245,-0.11583,-0.12088,-0.11359,-0.11699,-0.11501,-0.11289,-0.11711,-0.11831,-0.11917,-0.11566,-0.1174,-0.11697,-0.11519,-0.11367,-0.11551,-0.11905,-0.11445,1
-0.11778,-0.11773,-0.11782,-0.11786,-0.11781,-0.11809,-0.11806,-0.11706,-0.11652,-0.10898,-0.11533,-0.11742,-0.11695,-0.11762,-0.11757,-0.11775,-0.11781,-0.11772,-0.11902,-0.1175,-0.1172,-0.11781,-0.11777,-0.1178,-0.11784,-0.11797,-0.11786,-0.11794,-0.11775,-0.11822,-0.11802,-0.11811,1
-0.11467,-0.11547,-0.10945,-0.11401,-0.11374,-0.10219,-0.10002,-0.096668,-0.10644,-0.11512,-0.11581,-0.11225,-0.093342,-0.1065,-0.1108,-0.088067,-0.11655,-0.11449,-0.11734,-0.11656,-0.11315,-0.1001,-0.10464,-0.11995,-0.11881,-0.10353,-0.097199,-0.10505,-0.1149,-0.10856,-0.11778,-0.11846,1
-0.11736,-0.11442,-0.11205,-0.1152,-0.11655,-0.11768,-0.11254,-0.11692,-0.11766,-0.1179,-0.11679,-0.11767,-0.11675,-0.11759,-0.11729,-0.11706,-0.11464,-0.11195,-0.11734,-0.11732,-0.11732,-0.11726,-0.11849,-0.1165,-0.11845,-0.11868,-0.11776,-0.11268,-0.11693,-0.11685,-0.11675,-0.12001,1
-0.11722,-0.11619,-0.11848,-0.11758,-0.11984,-0.11775,-0.11781,-0.11775,-0.11786,-0.11791,-0.11813,-0.11755,-0.11777,-0.11813,-0.11177,-0.1176,-0.11796,-0.11842,-0.12017,-0.11732,-0.11768,-0.11785,-0.11764,-0.11791,-0.11777,-0.11761,-0.11712,-0.11776,-0.11837,-0.11576,-0.11721,-0.1158,1
-0.11595,-0.1186,-0.11894,-0.11932,-0.11853,-0.11528,-0.11831,-0.11897,-0.1165,-0.1175,-0.11704,-0.11589,-0.1188,-0.12074,-0.11842,-0.11856,-0.11986,-0.11828,-0.11674,-0.11637,-0.11908,-0.11681,-0.11825,-0.11849,-0.11528,-0.12026,-0.1174,-0.11732,-0.11759,-0.11504,-0.11366,-0.11834,1
-0.10817,-0.11471,-0.11735,-0.10832,-0.10207,-0.11028,-0.11086,-0.1128,-0.11237,-0.10985,-0.10909,-0.10977,-0.11472,-0.11591,-0.11462,-0.11657,-0.1127,-0.11611,-0.10175,-0.11014,-0.11107,-0.10875,-0.11611,-0.11255,-0.1138,-0.10194,-0.10507,-0.097924,-0.11006,-0.1149,-0.10793,-0.11176,1
-0.11872,-0.11694,-0.11697,-0.11595,-0.1152,-0.11535,-0.1085,-0.11767,-0.11724,-0.11629,-0.11849,-0.11466,-0.11843,-0.11722,-0.11432,-0.11636,-0.11744,-0.11753,-0.11736,-0.11677,-0.11688,-0.11823,-0.11762,-0.11793,-0.11398,-0.1149,-0.11821,-0.11514,-0.11745,-0.11689,-0.1182,-0.11741,1
-0.11424,-0.11655,-0.12038,-0.11756,-0.1186,-0.11919,-0.11674,-0.1172,-0.11921,-0.12138,-0.11699,-0.11659,-0.11742,-0.1197,-0.11796,-0.11674,-0.11751,-0.11946,-0.1196,-0.11847,-0.12163,-0.11707,-0.1178,-0.11994,-0.1182,-0.11368,-0.11489,-0.11977,-0.12165,-0.11944,-0.11699,-0.11605,1
-0.11839,-0.11218,-0.11687,-0.11838,-0.11567,-0.11617,-0.11672,-0.11718,-0.11776,-0.1181,-0.1167,-0.11765,-0.11506,-0.11528,-0.11497,-0.11434,-0.11237,-0.11843,-0.1168,-0.11755,-0.11788,-0.11726,-0.11778,-0.11765,-0.1159,-0.11737,-0.11667,-0.11521,-0.11473,-0.11717,-0.11665,-0.11333,1
-0.11972,-0.11969,-0.11696,-0.11555,-0.11878,-0.11968,-0.11957,-0.11703,-0.11864,-0.1156,-0.1103,-0.1085,-0.1117,-0.11402,-0.11666,-0.11915,-0.11791,-0.12001,-0.11546,-0.11805,-0.11751,-0.1191,-0.11882,-0.11546,-0.11808,-0.11269,-0.11423,-0.12133,-0.11595,-0.11912,-0.12062,-0.11737,1
-0.12036,-0.11651,-0.11609,-0.11446,-0.11464,-0.11624,-0.11797,-0.11665,-0.11698,-0.11819,-0.11681,-0.11576,-0.11904,-0.11434,-0.11945,-0.11801,-0.11391,-0.10662,-0.094691,-0.11104,-0.1149,-0.1159,-0.11798,-0.11714,-0.11753,-0.097676,-0.10896,-0.10897,-0.11707,-0.1178,-0.11412,-0.1212,1
-0.11391,-0.11463,-0.12042,-0.11512,-0.11559,-0.11745,-0.11705,-0.10817,-0.11648,-0.11311,-0.11683,-0.11385,-0.11506,-0.11701,-0.11824,-0.11454,-0.11919,-0.11313,-0.11711,-0.11533,-0.11664,-0.11907,-0.11583,-0.11791,-0.11663,-0.11356,-0.11731,-0.11331,-0.11664,-0.11654,-0.1158,-0.11173,1
-0.11669,-0.1157,-0.11428,-0.11656,-0.11573,-0.116,-0.11645,-0.11275,-0.11482,-0.11373,-0.11091,-0.11733,-0.11327,-0.11856,-0.11571,-0.11102,-0.11331,-0.11041,-0.1181,-0.11807,-0.11651,-0.11796,-0.11811,-0.11895,-0.1177,-0.11773,-0.11783,-0.11745,-0.11774,-0.11816,-0.11749,-0.11668,1
-0.11537,-0.11981,-0.11176,-0.11754,-0.11498,-0.11588,-0.11775,-0.11695,-0.11821,-0.11276,-0.11797,-0.1127,-0.11486,-0.11102,-0.10881,-0.11592,-0.12052,-0.11697,-0.11581,-0.11535,-0.1084,-0.11734,-0.11931,-0.11391,-0.12028,-0.12055,-0.11745,-0.12011,-0.11688,-0.11747,-0.11799,-0.11946,1
-0.11033,-0.11677,-0.11584,-0.11549,-0.11565,-0.11188,-0.11205,-0.11744,-0.11659,-0.11809,-0.11448,-0.11215,-0.11214,-0.11595,-0.11557,-0.11298,-0.11436,-0.11664,-0.11619,-0.11146,-0.10676,-0.11684,-0.11792,-0.11921,-0.12006,-0.11703,-0.11542,-0.11675,-0.11701,-0.11594,-0.11501,-0.11479,1
-0.11934,-0.11513,-0.11692,-0.11941,-0.11653,-0.11151,-0.10907,-0.11451,-0.11383,-0.11513,-0.11766,-0.11631,-0.11896,-0.11777,-0.11848,-0.12047,-0.11455,-0.11207,-0.12089,-0.11481,-0.11779,-0.11529,-0.1192,-0.11938,-0.11479,-0.11889,-0.11571,-0.11647,-0.11574,-0.11391,-0.10845,-0.11735,1
-0.11925,-0.11913,-0.11846,-0.11593,-0.11979,-0.11906,-0.11597,-0.10942,-0.11916,-0.11792,-0.1181,-0.11673,-0.11617,-0.11498,-0.11624,-0.11776,-0.11884,-0.11781,-0.11617,-0.12069,-0.12055,-0.11652,-0.11861,-0.11627,-0.12021,-0.11623,-0.11576,-0.11795,-0.11955,-0.11783,-0.11627,-0.11937,1
-0.11261,-0.11107,-0.12081,-0.11243,-0.11389,-0.11365,-0.11559,-0.11655,-0.11495,-0.11775,-0.11875,-0.11189,-0.11514,-0.11306,-0.11626,-0.11294,-0.10766,-0.11418,-0.11553,-0.11561,-0.1089,-0.1157,-0.11442,-0.11607,-0.11649,-0.11783,-0.11928,-0.11526,-0.11511,-0.11474,-0.11669,-0.11636,1
-0.11294,-0.11896,-0.11816,-0.11895,-0.11823,-0.11658,-0.11568,-0.11958,-0.11683,-0.11933,-0.11758,-0.11866,-0.11906,-0.1156,-0.11755,-0.11835,-0.11494,-0.10817,-0.10226,-0.099971,-0.10041,-0.10187,-0.094434,-0.10027,-0.1024,-0.093826,-0.11701,-0.11435,-0.11698,-0.11773,-0.11871,-0.11894,1
-0.11769,-0.11772,-0.11799,-0.11763,-0.11753,-0.11831,-0.11734,-0.11762,-0.11786,-0.11708,-0.11746,-0.11822,-0.11855,-0.11949,-0.11885,-0.11789,-0.11838,-0.11883,-0.11769,-0.11701,-0.11766,-0.11747,-0.11784,-0.1178,-0.1191,-0.11768,-0.11737,-0.11789,-0.11813,-0.11705,-0.11776,-0.11589,1
-0.11231,-0.11723,-0.11764,-0.11989,-0.11388,-0.11024,-0.1188,-0.11464,-0.11669,-0.11392,-0.11814,-0.11851,-0.1176,-0.11555,-0.11111,-0.11521,-0.11501,-0.11776,-0.11309,-0.11917,-0.11589,-0.11817,-0.11928,-0.11472,-0.11653,-0.1143,-0.11359,-0.11871,-0.11835,-0.1166,-0.11884,-0.11515,1
-0.11689,-0.10795,-0.11863,-0.11024,-0.11751,-0.11674,-0.11681,-0.11736,-0.11517,-0.11623,-0.11621,-0.11783,-0.11693,-0.11398,-0.11696,-0.11608,-0.11264,-0.11513,-0.11721,-0.11568,-0.11904,-0.11877,-0.11559,-0.11917,-0.11745,-0.11212,-0.11468,-0.11549,-0.1091,-0.11564,-0.11662,-0.11496,1
-0.11613,-0.11242,-0.10458,-0.11451,-0.11658,-0.11802,-0.1147,-0.11507,-0.11369,-0.11627,-0.11658,-0.11786,-0.11313,-0.11697,-0.11554,-0.11786,-0.11514,-0.11673,-0.11943,-0.11921,-0.12052,-0.11589,-0.11372,-0.1176,-0.11669,-0.11592,-0.11283,-0.11368,-0.11457,-0.11433,-0.1101,-0.11387,1
-0.11969,-0.11691,-0.11854,-0.11811,-0.11623,-0.11377,-0.11721,-0.1177,-0.116,-0.11788,-0.11677,-0.11323,-0.1196,-0.11389,-0.11542,-0.11928,-0.11649,-0.1162,-0.11572,-0.11794,-0.11295,-0.11571,-0.11658,-0.11513,-0.11673,-0.1193,-0.11552,-0.11416,-0.11326,-0.11868,-0.11776,-0.11502,1
-0.10984,-0.11893,-0.11338,-0.11831,-0.11593,-0.11595,-0.11637,-0.11725,-0.11582,-0.11605,-0.1198,-0.11969,-0.11804,-0.11756,-0.1181,-0.11827,-0.11882,-0.11692,-0.11654,-0.11382,-0.11463,-0.11669,-0.11631,-0.11567,-0.11346,-0.11522,-0.11536,-0.1107,-0.11371,-0.11838,-0.11488,-0.11753,1
-0.11745,-0.11648,-0.11615,-0.11343,-0.1164,-0.11407,-0.118,-0.1157,-0.1202,-0.11802,-0.11462,-0.11559,-0.11904,-0.11752,-0.12145,-0.11576,-0.11648,-0.12088,-0.11755,-0.11789,-0.11613,-0.11893,-0.11785,-0.11686,-0.1127,-0.11268,-0.10759,-0.11616,-0.11865,-0.11511,-0.11664,-0.11783,1
-0.10641,-0.11716,-0.11688,-0.11897,-0.11776,-0.11364,-0.11123,-0.11763,-0.1124,-0.11772,-0.1154,-0.11697,-0.11847,-0.11705,-0.11523,-0.11656,-0.11882,-0.11828,-0.11364,-0.11263,-0.11717,-0.11722,-0.11539,-0.11849,-0.11659,-0.11994,-0.11694,-0.11684,-0.11818,-0.11398,-0.1133,-0.11551,1
-0.11765,-0.1176,-0.11797,-0.11756,-0.11729,-0.11772,-0.11792,-0.11693,-0.11768,-0.11806,-0.11285,-0.11738,-0.11802,-0.11754,-0.11752,-0.11782,-0.11782,-0.11885,-0.11794,-0.1178,-0.11591,-0.11771,-0.11797,-0.11791,-0.11806,-0.11876,-0.11781,-0.11768,-0.11765,-0.11804,-0.1182,-0.11781,1
-0.11806,-0.11418,-0.11648,-0.11784,-0.11663,-0.11536,-0.11627,-0.11833,-0.11825,-0.11912,-0.1174,-0.11926,-0.11657,-0.12073,-0.10912,-0.11739,-0.11585,-0.10749,-0.11781,-0.11331,-0.11824,-0.11559,-0.11423,-0.11589,-0.11754,-0.11748,-0.11546,-0.11552,-0.11602,-0.12004,-0.1126,-0.1176,1
0.0057671,-0.0011309,-0.013051,0.0066713,0.01727,-0.00011273,0.015698,0.013586,-0.0093899,-0.0013219,0.0063685,-0.0036416,-0.011015,0.01418,-0.11436,-0.11745,-0.11294,-0.11647,-0.11685,-0.10982,-0.11445,-0.11512,-0.11158,-0.11123,-0.10848,-0.092829,-0.097255,-0.09475,-0.094088,-0.086083,-0.09827,-0.094133,1
-0.11653,-0.10515,-0.11941,-0.11744,-0.11776,-0.11408,-0.11682,-0.11489,-0.11686,-0.11243,-0.11222,-0.11582,-0.11163,-0.11105,-0.12019,-0.11098,-0.11863,-0.11855,-0.11542,-0.11639,-0.10719,-0.11494,-0.11449,-0.11814,-0.11445,-0.11681,-0.12021,-0.11895,-0.11578,-0.11426,-0.1182,-0.1162,1
-0.11784,-0.11774,-0.11411,-0.11775,-0.11771,-0.11723,-0.12007,-0.11767,-0.11778,-0.11697,-0.11768,-0.11784,-0.11779,-0.11843,-0.11479,-0.11778,-0.11524,-0.11731,-0.11776,-0.11763,-0.11793,-0.11772,-0.11658,-0.11639,-0.11775,-0.11782,-0.1179,-0.11537,-0.11756,-0.11128,-0.11852,-0.11675,1
-0.11561,-0.11572,-0.11357,-0.11594,-0.11481,-0.11213,-0.10857,-0.11032,-0.1149,-0.11677,-0.11653,-0.11227,-0.1153,-0.11831,-0.1139,-0.11417,-0.11602,-0.11557,-0.11333,-0.11477,-0.11371,-0.11109,-0.11726,-0.11782,-0.11285,-0.11635,-0.11354,-0.11875,-0.11664,-0.11807,-0.12,-0.1141,1
-0.11948,-0.11639,-0.11667,-0.11819,-0.11807,-0.11421,-0.11543,-0.11957,-0.1149,-0.11496,-0.11569,-0.11219,-0.10935,-0.11135,-0.10257,-0.10454,-0.10736,-0.10896,-0.10576,-0.10728,-0.10643,-0.10761,-0.10592,-0.11857,-0.11404,-0.11442,-0.11768,-0.11735,-0.115,-0.11674,-0.1172,-0.11482,1
-0.11734,-0.11789,-0.11812,-0.11755,-0.12096,-0.11827,-0.11703,-0.11652,-0.11539,-0.11397,-0.11748,-0.11719,-0.11836,-0.11322,-0.12053,-0.11843,-0.1166,-0.11756,-0.11729,-0.11734,-0.11808,-0.11884,-0.11857,-0.11768,-0.11773,-0.11721,-0.11766,-0.11434,-0.11789,-0.11755,-0.118,-0.11785,1
-0.11675,-0.11501,-0.11547,-0.11316,-0.11628,-0.1163,-0.11858,-0.11639,-0.11682,-0.11599,-0.1113,-0.11616,-0.11121,-0.11832,-0.11729,-0.11789,-0.10977,-0.11309,-0.11454,-0.11553,-0.11549,-0.11766,-0.11148,-0.11881,-0.11395,-0.11754,-0.11381,-0.11562,-0.111,-0.11581,-0.11298,-0.11294,2
-0.11951,-0.11904,-0.11762,-0.11667,-0.11701,-0.11552,-0.1139,-0.11275,-0.11678,-0.11953,-0.11889,-0.11751,-0.11555,-0.11632,-0.1176,-0.11892,-0.12027,-0.11849,-0.11372,-0.11711,-0.11374,-0.11757,-0.11582,-0.11749,-0.11856,-0.11044,-0.11042,-0.11704,-0.10926,-0.11624,-0.11703,-0.11468,2
-0.11541,-0.11179,-0.11417,-0.11679,-0.1182,-0.1193,-0.11736,-0.11501,-0.11893,-0.11594,-0.11621,-0.112,-0.11513,-0.11779,-0.11658,-0.11615,-0.11715,-0.11706,-0.11764,-0.1083,-0.11667,-0.11864,-0.11834,-0.11762,-0.11678,-0.11602,-0.11497,-0.1127,-0.10944,-0.1184,-0.11426,-0.11217,2
-0.11495,-0.1181,-0.11231,-0.11369,-0.11608,-0.11344,-0.10872,-0.11397,-0.11415,-0.11673,-0.11243,-0.11737,-0.11438,-0.11629,-0.11217,-0.11682,-0.11337,-0.11553,-0.10895,-0.1068,-0.11886,-0.11509,-0.11464,-0.11209,-0.11668,-0.10941,-0.11167,-0.11441,-0.11377,-0.11401,-0.11631,-0.11282,2
-0.11053,-0.11321,-0.11626,-0.11748,-0.11745,-0.11882,-0.11184,-0.12006,-0.11719,-0.11965,-0.11935,-0.11697,-0.11855,-0.11774,-0.11563,-0.11375,-0.11398,-0.11133,-0.11823,-0.11389,-0.11861,-0.11465,-0.116,-0.1159,-0.11682,-0.11528,-0.11795,-0.11675,-0.11297,-0.1149,-0.117,-0.11581,2
-0.1168,-0.11749,-0.11618,-0.11148,-0.11272,-0.11654,-0.11644,-0.11904,-0.11875,-0.1157,-0.11449,-0.11553,-0.11756,-0.12059,-0.11682,-0.11922,-0.114,-0.11837,-0.11864,-0.11363,-0.11535,-0.11639,-0.12044,-0.11508,-0.11729,-0.11116,-0.1116,-0.11529,-0.11311,-0.11209,-0.11648,-0.11778,2
-0.11762,-0.11611,-0.11656,-0.11392,-0.11838,-0.11715,-0.11238,-0.12002,-0.1178,-0.11814,-0.11958,-0.11597,-0.11301,-0.12008,-0.1193,-0.11531,-0.11649,-0.11759,-0.11587,-0.11603,-0.11313,-0.10983,-0.11557,-0.11422,-0.11093,-0.11561,-0.11885,-0.11804,-0.11525,-0.11749,-0.11528,-0.11971,2
-0.11767,-0.11518,-0.11643,-0.11401,-0.10953,-0.11513,-0.1158,-0.1162,-0.11251,-0.11447,-0.11291,-0.10742,-0.11436,-0.11713,-0.11874,-0.11879,-0.11103,-0.11311,-0.11257,-0.099583,-0.09808,-0.10421,-0.11463,-0.11549,-0.11508,-0.11585,-0.12002,-0.11247,-0.12102,-0.11162,-0.11442,-0.11693,2
-0.11345,-0.11479,-0.11279,-0.1201,-0.11626,-0.11787,-0.11733,-0.1144,-0.11723,-0.11757,-0.11065,-0.11929,-0.11828,-0.11394,-0.11115,-0.11262,-0.11316,-0.11526,-0.11486,-0.11443,-0.11446,-0.11543,-0.11571,-0.11361,-0.11732,-0.11284,-0.1176,-0.1141,-0.11934,-0.11705,-0.11327,-0.10969,2
-0.11435,-0.11273,-0.11595,-0.11726,-0.11363,-0.11604,-0.11956,-0.11334,-0.1184,-0.1171,-0.11443,-0.11897,-0.11943,-0.11131,-0.1197,-0.11539,-0.11497,-0.1184,-0.11325,-0.11804,-0.11886,-0.11629,-0.11968,-0.1169,-0.11637,-0.11087,-0.11745,-0.11362,-0.1135,-0.11748,-0.11462,-0.11793,2
-0.11488,-0.11876,-0.11712,-0.12058,-0.1155,-0.11959,-0.12046,-0.11683,-0.12108,-0.11832,-0.11881,-0.11766,-0.11687,-0.11321,-0.11785,-0.11777,-0.11625,-0.11644,-0.11689,-0.12037,-0.11632,-0.11993,-0.11781,-0.11873,-0.11583,-0.11795,-0.11356,-0.11755,-0.11267,-0.1174,-0.11438,-0.11815,2
-0.11471,-0.11279,-0.11677,-0.11554,-0.11148,-0.11583,-0.11802,-0.11198,-0.11775,-0.11219,-0.1142,-0.11817,-0.11804,-0.11601,-0.11926,-0.11597,-0.11548,-0.11332,-0.11866,-0.11882,-0.12041,-0.11455,-0.11323,-0.10931,-0.11618,-0.11432,-0.11635,-0.11863,-0.11743,-0.11858,-0.11725,-0.11405,2
-0.11736,-0.11693,-0.11662,-0.11543,-0.11471,-0.11472,-0.11754,-0.11565,-0.11681,-0.11425,-0.11817,-0.11721,-0.11709,-0.11711,-0.11731,-0.11712,-0.11669,-0.11664,-0.11807,-0.11691,-0.11703,-0.11824,-0.11706,-0.11774,-0.11731,-0.11609,-0.11664,-0.11716,-0.11767,-0.11428,-0.11708,-0.1168,2
-0.11546,-0.11742,-0.11363,-0.11474,-0.11638,-0.1164,-0.11364,-0.117,-0.11687,-0.11447,-0.11279,-0.11369,-0.11575,-0.11152,-0.11327,-0.11724,-0.11461,-0.10943,-0.11339,-0.11517,-0.11006,-0.1118,-0.11195,-0.11592,-0.11912,-0.1122,-0.11718,-0.11552,-0.1152,-0.11394,-0.11579,-0.11667,2
-0.1124,-0.11504,-0.11443,-0.11312,-0.11696,-0.11777,-0.11496,-0.11939,-0.11336,-0.1184,-0.11672,-0.11479,-0.11281,-0.11793,-0.11678,-0.1167,-0.11694,-0.11621,-0.11723,-0.11141,-0.11608,-0.11611,-0.11617,-0.11611,-0.11839,-0.11616,-0.1169,-0.11863,-0.11713,-0.11753,-0.11472,-0.11557,2
-0.12081,-0.11313,-0.1145,-0.11864,-0.1166,-0.11827,-0.11738,-0.11881,-0.11751,-0.11736,-0.11881,-0.11881,-0.11511,-0.11525,-0.11533,-0.11915,-0.11579,-0.11566,-0.11269,-0.11302,-0.11638,-0.11736,-0.11676,-0.1162,-0.10959,-0.11487,-0.11247,-0.11796,-0.117,-0.11762,-0.1182,-0.1178,2
-0.11915,-0.10858,-0.11664,-0.11029,-0.11167,-0.11789,-0.11144,-0.10955,-0.10856,-0.10814,-0.10829,-0.11632,-0.11775,-0.11461,-0.119,-0.11286,-0.11585,-0.11667,-0.11295,-0.11199,-0.11445,-0.11817,-0.11645,-0.11315,-0.11202,-0.11382,-0.11004,-0.11487,-0.11395,-0.11466,-0.119,-0.11547,2
-0.11086,-0.11222,-0.11193,-0.10931,-0.1186,-0.11619,-0.11726,-0.1156,-0.11567,-0.11621,-0.11871,-0.11648,-0.1137,-0.11248,-0.1149,-0.11616,-0.11517,-0.11576,-0.11413,-0.11544,-0.11742,-0.11603,-0.11846,-0.11847,-0.1103,-0.11631,-0.11645,-0.11274,-0.11501,-0.11247,-0.11622,-0.11651,2
-0.11773,-0.1154,-0.11593,-0.11646,-0.12102,-0.11194,-0.11574,-0.11797,-0.11707,-0.11499,-0.11186,-0.11276,-0.11411,-0.1177,-0.11779,-0.11797,-0.11878,-0.1167,-0.11739,-0.11234,-0.11749,-0.11776,-0.11923,-0.119,-0.1176,-0.11834,-0.11741,-0.11676,-0.11315,-0.11746,-0.11646,-0.11701,2
-0.11401,-0.11215,-0.1117,-0.11404,-0.09673,-0.089696,-0.092927,-0.11431,-0.11019,-0.11258,-0.1142,-0.11398,-0.11096,-0.1124,-0.11373,-0.11142,-0.099642,-0.10805,-0.10891,-0.10531,-0.10816,-0.11536,-0.10879,-0.11176,-0.118,-0.1103,-0.10835,-0.11723,-0.11762,-0.11095,-0.11506,-0.11538,2
-0.12117,-0.11777,-0.11676,-0.11935,-0.11841,-0.1186,-0.1188,-0.11716,-0.11971,-0.11654,-0.11837,-0.11472,-0.11717,-0.11831,-0.11742,-0.12077,-0.1168,-0.1202,-0.11927,-0.1163,-0.11182,-0.11273,-0.11717,-0.11557,-0.11462,-0.11813,-0.116,-0.1156,-0.11189,-0.11763,-0.10723,-0.11581,2
-0.10889,-0.11706,-0.11631,-0.10485,-0.11702,-0.12114,-0.11774,-0.11918,-0.12066,-0.12032,-0.11963,-0.11666,-0.11885,-0.11768,-0.11579,-0.11642,-0.1178,-0.11572,-0.11323,-0.11074,-0.11274,-0.11001,-0.11985,-0.11482,-0.12054,-0.11939,-0.11492,-0.11799,-0.11831,-0.11578,-0.12002,-0.11653,2
-0.1132,-0.10802,-0.11369,-0.11611,-0.1124,-0.11571,-0.10668,-0.11731,-0.11397,-0.11663,-0.11388,-0.1181,-0.11721,-0.11722,-0.11729,-0.11728,-0.11684,-0.11649,-0.11475,-0.11261,-0.11691,-0.11541,-0.11627,-0.11799,-0.11512,-0.11608,-0.11737,-0.11731,-0.11554,-0.11866,-0.11048,-0.1168,2
-0.11583,-0.11503,-0.115,-0.1195,-0.11629,-0.11574,-0.11728,-0.11706,-0.11541,-0.11388,-0.11634,-0.11259,-0.12021,-0.11503,-0.11561,-0.1154,-0.11618,-0.11706,-0.11892,-0.1131,-0.1189,-0.11833,-0.11598,-0.11889,-0.11367,-0.11701,-0.11582,-0.11847,-0.11801,-0.11475,-0.1192,-0.11677,2
-0.11473,-0.11694,-0.11355,-0.10863,-0.11661,-0.11556,-0.11813,-0.1185,-0.11603,-0.11606,-0.11608,-0.11808,-0.11544,-0.11799,-0.11756,-0.10859,-0.11413,-0.11821,-0.11399,-0.11483,-0.11803,-0.11555,-0.11761,-0.11895,-0.11975,-0.11867,-0.11956,-0.11402,-0.11227,-0.11336,-0.12073,-0.11756,2
-0.11985,-0.11484,-0.1185,-0.11605,-0.1127,-0.11767,-0.1153,-0.11043,-0.1087,-0.11447,-0.11723,-0.11477,-0.11827,-0.11443,-0.11265,-0.11591,-0.11087,-0.11524,-0.11703,-0.12094,-0.11805,-0.11649,-0.10563,-0.11981,-0.11346,-0.11996,-0.11831,-0.1189,-0.11206,-0.11535,-0.11129,-0.11494,2
-0.1177,-0.11778,-0.11804,-0.11776,-0.11792,-0.11771,-0.11795,-0.1178,-0.11776,-0.11778,-0.11422,-0.11774,-0.11782,-0.11622,-0.11765,-0.11785,-0.11765,-0.11798,-0.11777,-0.11767,-0.11792,-0.11768,-0.11767,-0.11772,-0.11771,-0.11749,-0.11776,-0.11765,-0.1176,-0.11753,-0.11765,-0.11771,2
-0.11712,-0.1152,-0.11229,-0.11727,-0.10918,-0.11589,-0.11153,-0.11404,-0.1155,-0.11838,-0.11861,-0.11687,-0.11706,-0.1173,-0.11749,-0.11373,-0.11528,-0.11587,-0.11257,-0.11608,-0.11239,-0.1142,-0.11595,-0.11747,-0.11671,-0.11583,-0.11481,-0.11688,-0.1176,-0.11721,-0.11825,-0.11821,2
-0.11792,-0.11523,-0.11737,-0.11706,-0.11488,-0.10892,-0.11449,-0.11314,-0.11512,-0.11687,-0.11719,-0.1174,-0.11858,-0.11974,-0.11833,-0.11522,-0.11466,-0.11703,-0.11595,-0.11484,-0.11221,-0.11675,-0.11732,-0.11566,-0.11759,-0.11524,-0.11825,-0.11413,-0.11617,-0.11616,-0.11152,-0.11746,2
-0.11771,-0.11734,-0.11609,-0.11805,-0.11812,-0.11767,-0.11256,-0.11704,-0.11357,-0.11714,-0.11676,-0.11769,-0.11853,-0.11522,-0.11656,-0.11875,-0.11539,-0.11499,-0.11586,-0.11848,-0.115,-0.11702,-0.11503,-0.11708,-0.11667,-0.11615,-0.11529,-0.1172,-0.11682,-0.11882,-0.11793,-0.11727,2
-0.11618,-0.11649,-0.12019,-0.11861,-0.11588,-0.11065,-0.11561,-0.11557,-0.11772,-0.11302,-0.11435,-0.11979,-0.12042,-0.11761,-0.11838,-0.1164,-0.11825,-0.11538,-0.1177,-0.11729,-0.11681,-0.11565,-0.1156,-0.112,-0.11808,-0.11803,-0.11702,-0.11697,-0.11796,-0.11614,-0.11792,-0.11697,2
-0.11699,-0.11777,-0.11569,-0.11527,-0.11666,-0.12092,-0.12099,-0.11095,-0.11674,-0.11852,-0.11444,-0.11301,-0.11977,-0.11938,-0.12003,-0.1169,-0.11497,-0.11565,-0.11906,-0.11491,-0.11996,-0.11559,-0.11798,-0.11691,-0.11932,-0.11508,-0.11978,-0.11597,-0.117,-0.11512,-0.11366,-0.11442,2
-0.11581,-0.11866,-0.1115,-0.11533,-0.10735,-0.11705,-0.10984,-0.11448,-0.11154,-0.11482,-0.11992,-0.1141,-0.11562,-0.11972,-0.11598,-0.11397,-0.11895,-0.1127,-0.1163,-0.11791,-0.11566,-0.11641,-0.1183,-0.11712,-0.1171,-0.11598,-0.11436,-0.11572,-0.11445,-0.1187,-0.11728,-0.11033,2
-0.11789,-0.11638,-0.11786,-0.11568,-0.11586,-0.11211,-0.11446,-0.11567,-0.11551,-0.11596,-0.11728,-0.11867,-0.11779,-0.1158,-0.11947,-0.11672,-0.11889,-0.11868,-0.10993,-0.11162,-0.11842,-0.12047,-0.11177,-0.11593,-0.11255,-0.11592,-0.11793,-0.11584,-0.1188,-0.11609,-0.12049,-0.11739,2
-0.11517,-0.11755,-0.11571,-0.11282,-0.11613,-0.11806,-0.11574,-0.11561,-0.11079,-0.11552,-0.11679,-0.11741,-0.11581,-0.11808,-0.11978,-0.11735,-0.11677,-0.115,-0.10786,-0.11738,-0.1184,-0.11804,-0.12021,-0.11979,-0.12137,-0.12025,-0.11513,-0.11664,-0.11574,-0.11603,-0.11944,-0.11513,2
-0.11729,-0.11652,-0.11695,-0.11637,-0.11671,-0.11701,-0.11331,-0.11628,-0.11644,-0.11478,-0.11553,-0.11605,-0.11432,-0.11542,-0.11119,-0.11103,-0.11137,-0.11518,-0.11254,-0.11545,-0.11258,-0.11685,-0.117,-0.11724,-0.11633,-0.11678,-0.11703,-0.11678,-0.11697,-0.11682,-0.11665,-0.11628,2
-0.11775,-0.11512,-0.11349,-0.11653,-0.11051,-0.11221,-0.11345,-0.11671,-0.11546,-0.11418,-0.11716,-0.11661,-0.11948,-0.11188,-0.11559,-0.11933,-0.1181,-0.11751,-0.11625,-0.11626,-0.11475,-0.11877,-0.11537,-0.11745,-0.1183,-0.11557,-0.11947,-0.11745,-0.11911,-0.11703,-0.11302,-0.113,2
-0.1168,-0.11351,-0.11668,-0.11717,-0.11318,-0.11695,-0.11026,-0.11517,-0.11619,-0.11747,-0.11736,-0.11491,-0.11171,-0.11744,-0.11776,-0.11748,-0.1123,-0.11354,-0.11744,-0.11814,-0.11716,-0.11506,-0.11968,-0.11804,-0.11745,-0.11694,-0.11753,-0.11696,-0.11723,-0.11668,-0.11713,-0.11743,2
-0.1124,-0.11614,-0.1162,-0.11765,-0.11303,-0.1181,-0.10925,-0.11168,-0.10677,-0.11434,-0.1204,-0.1179,-0.11289,-0.11768,-0.12063,-0.11679,-0.11685,-0.11599,-0.11618,-0.11629,-0.11233,-0.11826,-0.11602,-0.11736,-0.11016,-0.11356,-0.11013,-0.11536,-0.11735,-0.11218,-0.11773,-0.1152,2
-0.11513,-0.11632,-0.11256,-0.11664,-0.1154,-0.11507,-0.11611,-0.11768,-0.11866,-0.11738,-0.11717,-0.11691,-0.11317,-0.11737,-0.11587,-0.11828,-0.11573,-0.11439,-0.11941,-0.11458,-0.11978,-0.11712,-0.11652,-0.11567,-0.11699,-0.11382,-0.10965,-0.11978,-0.11356,-0.11804,-0.11971,-0.12078,2
-0.11339,-0.11968,-0.11296,-0.1111,-0.11745,-0.11259,-0.11571,-0.1113,-0.11859,-0.11482,-0.11092,-0.11105,-0.11836,-0.11338,-0.11519,-0.11894,-0.11055,-0.11195,-0.11247,-0.11829,-0.11579,-0.11197,-0.11157,-0.1163,-0.12,-0.11643,-0.11915,-0.11429,-0.11546,-0.11367,-0.11455,-0.11332,2
-0.11574,-0.11593,-0.11639,-0.11554,-0.11277,-0.11166,-0.11846,-0.11695,-0.11589,-0.11722,-0.11294,-0.11507,-0.11126,-0.11138,-0.11095,-0.11044,-0.11534,-0.11437,-0.10856,-0.11251,-0.11451,-0.11528,-0.11694,-0.11535,-0.11207,-0.11243,-0.11539,-0.11626,-0.11573,-0.11711,-0.11907,-0.11287,2
-0.11696,-0.11551,-0.11588,-0.11452,-0.11969,-0.11381,-0.10954,-0.11152,-0.11253,-0.11498,-0.11393,-0.11344,-0.11098,-0.11665,-0.11279,-0.11405,-0.11436,-0.10994,-0.11571,-0.11332,-0.10721,-0.11409,-0.11257,-0.11565,-0.11982,-0.11676,-0.11637,-0.11732,-0.1177,-0.12156,-0.11768,-0.11623,2
-0.11632,-0.11746,-0.12006,-0.11795,-0.11916,-0.11599,-0.11708,-0.1179,-0.11531,-0.1171,-0.11642,-0.11735,-0.11823,-0.10902,-0.1162,-0.11244,-0.1144,-0.1161,-0.11879,-0.11387,-0.11551,-0.11431,-0.11646,-0.11955,-0.11913,-0.11347,-0.11772,-0.11765,-0.11835,-0.11456,-0.11554,-0.11408,2
-0.1174,-0.1192,-0.11944,-0.11677,-0.11571,-0.11941,-0.11136,-0.11392,-0.11348,-0.11624,-0.11824,-0.11628,-0.11642,-0.11729,-0.11998,-0.11829,-0.11514,-0.11483,-0.11679,-0.11658,-0.11593,-0.11612,-0.1154,-0.11667,-0.11719,-0.11665,-0.11918,-0.11813,-0.11642,-0.11984,-0.11822,-0.11429,2
-0.11186,-0.11698,-0.11657,-0.11989,-0.11761,-0.11907,-0.11434,-0.11213,-0.11358,-0.11467,-0.11847,-0.11358,-0.1166,-0.11501,-0.11663,-0.10911,-0.11434,-0.11181,-0.11661,-0.119,-0.11163,-0.11547,-0.11071,-0.10788,-0.11501,-0.11523,-0.11667,-0.11511,-0.11692,-0.11724,-0.11722,-0.11687,2
-0.11135,-0.11715,-0.11927,-0.11131,-0.1137,-0.11794,-0.10137,-0.11443,-0.11393,-0.11503,-0.11965,-0.11487,-0.11371,-0.11682,-0.11155,-0.11705,-0.11672,-0.11641,-0.11805,-0.11441,-0.11706,-0.11736,-0.11301,-0.11356,-0.11039,-0.11174,-0.1199,-0.11341,-0.11552,-0.11819,-0.11856,-0.11609,2
-0.12726,-0.12378,-0.12548,-0.12575,-0.12556,-0.12957,-0.12245,-0.12629,-0.12365,-0.12895,-0.12878,-0.12873,-0.12601,-0.12358,-0.12263,-0.12589,-0.12386,-0.12431,-0.12833,-0.12523,-0.12591,-0.12377,-0.12853,-0.12566,-0.12731,-0.12596,-0.12089,-0.11781,-0.1254,-0.12258,-0.12756,-0.12401,2
-0.12488,-0.12829,-0.12689,-0.12178,-0.12891,-0.12686,-0.12362,-0.1256,-0.12704,-0.12779,-0.12751,-0.12575,-0.12752,-0.1268,-0.12854,-0.12839,-0.12577,-0.12114,-0.12842,-0.12144,-0.12645,-0.12735,-0.12505,-0.12745,-0.12601,-0.12635,-0.12626,-0.12612,-0.12426,-0.12633,-0.1265,-0.12565,2
-0.12229,-0.12767,-0.12839,-0.12909,-0.12882,-0.12612,-0.12773,-0.12875,-0.12709,-0.12925,-0.12801,-0.12822,-0.12672,-0.12415,-0.12686,-0.12836,-0.12503,-0.12283,-0.1227,-0.12197,-0.12046,-0.12559,-0.12751,-0.12552,-0.12759,-0.12751,-0.12657,-0.12892,-0.12643,-0.12694,-0.12426,-0.12604,2
-0.11544,-0.11213,-0.11261,-0.11354,-0.11524,-0.11462,-0.11188,-0.11662,-0.11125,-0.11603,-0.11925,-0.11583,-0.11861,-0.11475,-0.1137,-0.11588,-0.11605,-0.11649,-0.1142,-0.11514,-0.11722,-0.11553,-0.11621,-0.11565,-0.11833,-0.11456,-0.11609,-0.11637,-0.11401,-0.10618,-0.1174,-0.11532,3
-0.11473,-0.11401,-0.11596,-0.11666,-0.1114,-0.11175,-0.11554,-0.11935,-0.11886,-0.11426,-0.11802,-0.1142,-0.11593,-0.11575,-0.11571,-0.11566,-0.11244,-0.11741,-0.11486,-0.1131,-0.11073,-0.11929,-0.11719,-0.1121,-0.11308,-0.10952,-0.11353,-0.11429,-0.11379,-0.11364,-0.11544,-0.11259,3
-0.11621,-0.11755,-0.11377,-0.11779,-0.11621,-0.11905,-0.11733,-0.11716,-0.11582,-0.11022,-0.11737,-0.11609,-0.11418,-0.11259,-0.1116,-0.11282,-0.10781,-0.11675,-0.11356,-0.11412,-0.11566,-0.11759,-0.11001,-0.11718,-0.11651,-0.11699,-0.11477,-0.11887,-0.12067,-0.11577,-0.11564,-0.1167,3
-0.11695,-0.11529,-0.11619,-0.11687,-0.11676,-0.11546,-0.11432,-0.11447,-0.11874,-0.12004,-0.1171,-0.1175,-0.11767,-0.11632,-0.11519,-0.11426,-0.11841,-0.11585,-0.11933,-0.11905,-0.11374,-0.11554,-0.11434,-0.11581,-0.11607,-0.11786,-0.11451,-0.10929,-0.11458,-0.11117,-0.11342,-0.11699,3
-0.11706,-0.11521,-0.11445,-0.11511,-0.11511,-0.11221,-0.11545,-0.11021,-0.11632,-0.11969,-0.11032,-0.11878,-0.11433,-0.11601,-0.11845,-0.11104,-0.11271,-0.11762,-0.11357,-0.1105,-0.11506,-0.11755,-0.11668,-0.11872,-0.11681,-0.11649,-0.1182,-0.11297,-0.11699,-0.11713,-0.1171,-0.11581,3
-0.1151,-0.11749,-0.11286,-0.115,-0.11019,-0.1118,-0.11949,-0.11573,-0.11411,-0.11724,-0.11836,-0.11743,-0.11651,-0.11649,-0.12004,-0.11304,-0.11614,-0.11979,-0.11748,-0.11573,-0.11762,-0.11827,-0.11952,-0.11746,-0.11281,-0.11684,-0.11814,-0.11797,-0.11784,-0.11699,-0.11709,-0.11662,3
-0.11834,-0.11725,-0.11544,-0.11851,-0.11187,-0.11637,-0.11435,-0.11849,-0.11703,-0.11364,-0.11755,-0.1135,-0.1074,-0.11871,-0.1077,-0.11736,-0.114,-0.1187,-0.11538,-0.11813,-0.11835,-0.11821,-0.11115,-0.11558,-0.11459,-0.11778,-0.11397,-0.11847,-0.11473,-0.11535,-0.11357,-0.11588,3
-0.1177,-0.11921,-0.11846,-0.11412,-0.11371,-0.11601,-0.11612,-0.11614,-0.1168,-0.11641,-0.11748,-0.11886,-0.11434,-0.11628,-0.11655,-0.11351,-0.11655,-0.11306,-0.11613,-0.11439,-0.11138,-0.11925,-0.11706,-0.11872,-0.11598,-0.11184,-0.1099,-0.11399,-0.11344,-0.11743,-0.11412,-0.11452,3
-0.11717,-0.11602,-0.11743,-0.1165,-0.11359,-0.11401,-0.1175,-0.11737,-0.11748,-0.11552,-0.11388,-0.11578,-0.11478,-0.11646,-0.11649,-0.11793,-0.11337,-0.11621,-0.11447,-0.11531,-0.1108,-0.115,-0.11381,-0.11872,-0.11615,-0.11954,-0.11405,-0.11173,-0.11324,-0.11829,-0.11759,-0.11751,3
-0.11867,-0.11535,-0.11362,-0.11954,-0.12047,-0.11632,-0.11764,-0.11581,-0.11552,-0.11443,-0.1171,-0.11681,-0.11534,-0.11782,-0.11859,-0.11406,-0.11284,-0.11687,-0.11762,-0.11567,-0.1164,-0.11661,-0.11448,-0.11732,-0.1159,-0.11679,-0.11819,-0.11568,-0.12068,-0.11676,-0.11493,-0.11505,3
-0.11789,-0.11344,-0.11475,-0.11583,-0.11474,-0.11468,-0.11432,-0.11562,-0.10852,-0.11774,-0.11833,-0.11469,-0.11416,-0.11753,-0.11611,-0.11587,-0.11799,-0.11948,-0.11775,-0.11548,-0.11932,-0.11928,-0.11532,-0.11752,-0.11203,-0.11728,-0.11662,-0.11619,-0.11737,-0.1184,-0.1169,-0.11729,3
-0.1174,-0.11416,-0.11705,-0.11441,-0.11604,-0.11599,-0.11331,-0.11692,-0.11422,-0.11898,-0.11252,-0.11138,-0.11281,-0.11117,-0.11589,-0.1186,-0.11852,-0.11392,-0.11119,-0.11672,-0.1136,-0.1158,-0.11228,-0.11693,-0.11517,-0.1167,-0.11676,-0.11415,-0.1123,-0.11648,-0.11647,-0.11377,3
-0.11772,-0.11777,-0.11579,-0.11748,-0.11946,-0.11719,-0.11406,-0.11551,-0.11646,-0.11676,-0.11448,-0.11495,-0.11374,-0.11491,-0.11731,-0.11572,-0.11514,-0.11746,-0.11743,-0.11836,-0.11471,-0.11183,-0.11889,-0.11443,-0.11458,-0.11709,-0.11654,-0.11653,-0.11499,-0.11572,-0.11772,-0.11493,3
-0.11712,-0.11703,-0.11483,-0.11724,-0.11754,-0.1158,-0.11486,-0.11502,-0.11583,-0.11693,-0.1187,-0.11406,-0.11328,-0.11139,-0.11175,-0.11308,-0.11781,-0.11793,-0.11374,-0.11412,-0.11208,-0.11726,-0.11469,-0.11729,-0.11345,-0.11586,-0.11023,-0.11579,-0.11375,-0.11459,-0.11192,-0.11236,3
-0.1188,-0.11672,-0.11848,-0.11774,-0.11805,-0.12024,-0.11302,-0.11125,-0.11676,-0.11665,-0.11426,-0.11847,-0.11415,-0.1137,-0.11734,-0.11566,-0.11729,-0.11741,-0.11552,-0.11637,-0.1183,-0.11789,-0.11492,-0.11805,-0.12033,-0.11927,-0.11217,-0.11741,-0.11939,-0.11556,-0.11583,-0.11902,3
-0.11741,-0.11646,-0.11924,-0.11397,-0.11547,-0.1199,-0.11399,-0.11604,-0.11413,-0.112,-0.11656,-0.11552,-0.11845,-0.11686,-0.1162,-0.11418,-0.11635,-0.11548,-0.11648,-0.11942,-0.11834,-0.11645,-0.11056,-0.11577,-0.11336,-0.11696,-0.11414,-0.11908,-0.11534,-0.11764,-0.11506,-0.11465,3
-0.11103,-0.11185,-0.1197,-0.11496,-0.11851,-0.11797,-0.11603,-0.11573,-0.1163,-0.11641,-0.11604,-0.10864,-0.11428,-0.11368,-0.11538,-0.11606,-0.11621,-0.11714,-0.11702,-0.11599,-0.11495,-0.11629,-0.11402,-0.1146,-0.11492,-0.11646,-0.11169,-0.11915,-0.11319,-0.11899,-0.11564,-0.11605,3
-0.11664,-0.11704,-0.11679,-0.11412,-0.11312,-0.11728,-0.11004,-0.11623,-0.11769,-0.11469,-0.11601,-0.11434,-0.11485,-0.11542,-0.11649,-0.11717,-0.10914,-0.11348,-0.11481,-0.11627,-0.11925,-0.11285,-0.11914,-0.11533,-0.11697,-0.11808,-0.11694,-0.11208,-0.1192,-0.11443,-0.11722,-0.11716,3
-0.11724,-0.11716,-0.11431,-0.11963,-0.11929,-0.11664,-0.11804,-0.11383,-0.11096,-0.11425,-0.11116,-0.11846,-0.11513,-0.11938,-0.11678,-0.11519,-0.11539,-0.12042,-0.12052,-0.11985,-0.11662,-0.11499,-0.1187,-0.11942,-0.11425,-0.1185,-0.11179,-0.11784,-0.11714,-0.11953,-0.11688,-0.1187,3
-0.11476,-0.11501,-0.1144,-0.11766,-0.11342,-0.1167,-0.11696,-0.11572,-0.11237,-0.11752,-0.11749,-0.11792,-0.11476,-0.11555,-0.11405,-0.11724,-0.11619,-0.11639,-0.10925,-0.11883,-0.11581,-0.11454,-0.11398,-0.11381,-0.11565,-0.11679,-0.11985,-0.11572,-0.11737,-0.11451,-0.11801,-0.11658,3
-0.11653,-0.11714,-0.11676,-0.11362,-0.11019,-0.11811,-0.11737,-0.11681,-0.11588,-0.11905,-0.11722,-0.12055,-0.11612,-0.11602,-0.11375,-0.11885,-0.11828,-0.11454,-0.118,-0.11632,-0.11583,-0.11733,-0.11504,-0.11621,-0.11937,-0.11693,-0.11517,-0.11678,-0.11397,-0.11666,-0.11753,-0.11435,3
-0.11452,-0.11308,-0.11642,-0.11777,-0.11583,-0.12061,-0.11587,-0.11591,-0.11685,-0.12048,-0.11707,-0.11756,-0.11735,-0.11655,-0.11902,-0.11362,-0.11749,-0.11561,-0.11741,-0.11594,-0.11384,-0.10685,-0.11722,-0.11607,-0.11723,-0.11524,-0.11599,-0.10898,-0.11949,-0.11448,-0.11711,-0.11998,3
-0.11778,-0.11361,-0.10931,-0.11354,-0.11609,-0.11463,-0.11281,-0.10948,-0.11428,-0.11668,-0.11277,-0.11431,-0.11226,-0.11342,-0.11743,-0.10989,-0.1149,-0.11467,-0.1177,-0.1175,-0.1134,-0.1163,-0.12056,-0.11669,-0.11337,-0.11803,-0.11433,-0.11488,-0.11484,-0.11455,-0.11496,-0.11511,3
-0.11444,-0.11439,-0.11488,-0.11431,-0.11605,-0.1172,-0.11055,-0.11899,-0.11594,-0.11664,-0.11497,-0.11535,-0.1056,-0.11303,-0.11777,-0.1131,-0.11684,-0.1136,-0.11386,-0.1141,-0.11789,-0.11702,-0.11603,-0.11479,-0.11759,-0.11345,-0.11987,-0.1167,-0.11743,-0.11752,-0.1185,-0.11989,3
-0.1211,-0.11707,-0.11966,-0.11325,-0.11933,-0.11718,-0.11363,-0.11731,-0.11758,-0.11576,-0.11616,-0.11211,-0.11156,-0.11602,-0.11787,-0.11987,-0.11727,-0.1194,-0.11512,-0.11959,-0.11744,-0.11793,-0.1179,-0.11831,-0.10997,-0.11682,-0.11749,-0.11898,-0.1181,-0.11845,-0.11824,-0.11692,3
-0.11602,-0.1047,-0.11452,-0.11116,-0.10745,-0.11481,-0.11568,-0.1142,-0.11514,-0.11644,-0.11121,-0.11369,-0.1088,-0.11001,-0.11994,-0.11554,-0.1099,-0.11634,-0.11665,-0.11285,-0.11709,-0.1149,-0.11191,-0.11477,-0.12077,-0.11338,-0.11844,-0.11478,-0.11059,-0.10653,-0.11392,-0.11308,3
-0.11704,-0.1097,-0.11418,-0.1175,-0.11445,-0.11631,-0.11734,-0.11657,-0.11788,-0.11506,-0.11448,-0.11692,-0.11502,-0.11525,-0.11604,-0.1164,-0.1073,-0.11644,-0.11505,-0.11112,-0.11607,-0.11501,-0.11549,-0.10692,-0.11542,-0.11671,-0.11576,-0.11714,-0.12032,-0.11515,-0.11515,-0.11572,3
-0.11435,-0.11704,-0.11556,-0.11198,-0.11499,-0.11454,-0.11653,-0.11677,-0.11754,-0.11816,-0.1136,-0.10898,-0.11511,-0.11537,-0.10914,-0.11263,-0.10888,-0.11153,-0.11566,-0.11388,-0.11402,-0.11216,-0.118,-0.11123,-0.12024,-0.10953,-0.11295,-0.11434,-0.11507,-0.11513,-0.11827,-0.11294,3
-0.11867,-0.12088,-0.11882,-0.11635,-0.11528,-0.11616,-0.11732,-0.11746,-0.11548,-0.11659,-0.11696,-0.11813,-0.10902,-0.11166,-0.11282,-0.11227,-0.11703,-0.11656,-0.11763,-0.11496,-0.11188,-0.11841,-0.11558,-0.1161,-0.11902,-0.1172,-0.11773,-0.1151,-0.12,-0.11601,-0.11567,-0.11576,3
-0.12056,-0.11896,-0.11836,-0.1193,-0.11817,-0.11871,-0.11711,-0.11801,-0.11742,-0.11601,-0.11718,-0.11604,-0.11303,-0.11722,-0.11918,-0.11669,-0.11678,-0.11256,-0.11636,-0.11841,-0.11567,-0.11741,-0.11599,-0.11174,-0.11598,-0.11562,-0.11468,-0.1134,-0.11726,-0.11738,-0.11823,-0.11353,3
-0.1027,-0.10203,-0.10207,-0.10816,-0.1094,-0.10504,-0.10413,-0.097731,-0.10898,-0.11486,-0.11743,-0.11432,-0.11733,-0.12079,-0.11533,-0.11757,-0.11361,-0.12017,-0.11811,-0.12012,-0.11531,-0.11908,-0.11939,-0.11432,-0.11847,-0.12044,-0.1185,-0.11248,-0.12082,-0.11762,-0.11726,-0.11867,3
-0.11407,-0.11791,-0.11192,-0.11849,-0.11712,-0.11788,-0.11813,-0.11637,-0.11294,-0.11664,-0.11791,-0.11967,-0.11723,-0.11657,-0.11838,-0.11348,-0.11733,-0.11931,-0.11596,-0.11425,-0.11608,-0.11432,-0.11774,-0.11895,-0.11854,-0.11519,-0.11796,-0.116,-0.11644,-0.11354,-0.11662,-0.11915,3
-0.11231,-0.11,-0.10984,-0.11493,-0.11578,-0.11474,-0.11438,-0.11215,-0.11308,-0.11644,-0.11829,-0.11401,-0.11774,-0.11412,-0.11576,-0.11714,-0.11661,-0.11308,-0.116,-0.11304,-0.11569,-0.11467,-0.11409,-0.11654,-0.11363,-0.1191,-0.115,-0.11539,-0.1179,-0.11418,-0.11719,-0.12011,3
-0.34856,-0.3552,-0.34402,-0.35199,-0.35003,-0.35558,-0.35192,-0.35466,-0.35627,-0.36154,-0.35175,-0.34927,-0.34679,-0.34462,-0.34256,-0.33085,-0.34396,-0.34556,-0.35152,-0.35483,-0.34889,-0.35092,-0.35897,-0.36215,-0.35214,-0.3496,-0.34425,-0.35289,-0.36344,-0.3543,-0.35077,-0.35634,3
-0.11242,-0.10586,-0.10701,-0.10882,-0.1062,-0.11042,-0.1118,-0.11002,-0.1098,-0.11151,-0.10529,-0.11385,-0.11457,-0.11179,-0.10972,-0.11375,-0.09897,-0.10504,-0.11124,-0.11049,-0.11042,-0.11166,-0.11371,-0.11085,-0.10821,-0.11265,-0.1089,-0.10927,-0.11013,-0.10497,-0.10936,-0.11016,3
-0.11695,-0.11615,-0.11596,-0.11692,-0.11766,-0.10917,-0.1174,-0.11603,-0.11796,-0.11509,-0.11921,-0.11554,-0.10914,-0.11393,-0.11379,-0.11085,-0.10726,-0.10894,-0.12137,-0.11553,-0.11795,-0.11709,-0.10854,-0.11729,-0.11309,-0.11557,-0.11801,-0.11488,-0.11576,-0.11471,-0.11665,-0.11632,3
-0.11954,-0.11685,-0.11756,-0.10976,-0.11653,-0.11735,-0.11731,-0.11656,-0.11523,-0.1163,-0.11556,-0.11276,-0.11179,-0.11619,-0.11747,-0.116,-0.11937,-0.11662,-0.11278,-0.11427,-0.11411,-0.1172,-0.12022,-0.11809,-0.11703,-0.11913,-0.11957,-0.12084,-0.11802,-0.11477,-0.11289,-0.11439,3
-0.11422,-0.11289,-0.11607,-0.11376,-0.11613,-0.11397,-0.11896,-0.11115,-0.11824,-0.11522,-0.11594,-0.11658,-0.1154,-0.11983,-0.12016,-0.11915,-0.11822,-0.11444,-0.113,-0.11305,-0.11749,-0.1141,-0.11582,-0.11783,-0.10911,-0.11803,-0.11842,-0.11619,-0.12034,-0.11818,-0.11265,-0.11861,3
-0.11655,-0.11713,-0.11698,-0.11713,-0.11927,-0.11687,-0.1164,-0.11725,-0.11676,-0.11833,-0.11715,-0.11647,-0.11576,-0.11572,-0.11893,-0.119,-0.11775,-0.11556,-0.11555,-0.11634,-0.11947,-0.1198,-0.11573,-0.11642,-0.11595,-0.11795,-0.11625,-0.11545,-0.10869,-0.11582,-0.11538,-0.11605,3
-0.11711,-0.11426,-0.11748,-0.11671,-0.11791,-0.11828,-0.11671,-0.11561,-0.1145,-0.11384,-0.11539,-0.11417,-0.11712,-0.11922,-0.11686,-0.11796,-0.11862,-0.11732,-0.11752,-0.11305,-0.11958,-0.11512,-0.11687,-0.1138,-0.11249,-0.11784,-0.11713,-0.115,-0.11805,-0.11594,-0.1183,-0.11495,3
-0.11731,-0.11702,-0.1179,-0.11091,-0.11966,-0.11623,-0.1199,-0.11632,-0.11172,-0.11697,-0.11743,-0.11229,-0.11424,-0.11642,-0.11561,-0.1161,-0.11514,-0.115,-0.11927,-0.11611,-0.11517,-0.11047,-0.11792,-0.1172,-0.11791,-0.11606,-0.11849,-0.11824,-0.11645,-0.11788,-0.11246,-0.11599,3
-0.11912,-0.11804,-0.11527,-0.11872,-0.11758,-0.11795,-0.11024,-0.11099,-0.11921,-0.11749,-0.11875,-0.11842,-0.11647,-0.11743,-0.11464,-0.11565,-0.11827,-0.11767,-0.11336,-0.11685,-0.11775,-0.11631,-0.11497,-0.11607,-0.115,-0.1173,-0.11922,-0.11335,-0.10731,-0.11596,-0.11434,-0.11767,3
-0.11647,-0.11854,-0.11948,-0.11267,-0.1164,-0.11836,-0.11652,-0.11933,-0.1134,-0.11561,-0.11651,-0.11355,-0.11048,-0.11488,-0.11118,-0.11658,-0.11726,-0.11451,-0.11795,-0.11543,-0.11561,-0.1137,-0.11107,-0.11393,-0.11335,-0.1139,-0.1206,-0.11443,-0.11958,-0.11703,-0.11856,-0.11807,3
-0.11734,-0.11458,-0.12121,-0.1078,-0.11588,-0.11404,-0.11803,-0.11165,-0.11327,-0.11438,-0.11861,-0.11388,-0.11327,-0.11385,-0.11052,-0.1138,-0.11238,-0.11394,-0.11144,-0.12071,-0.11535,-0.11403,-0.11313,-0.11482,-0.1131,-0.11549,-0.11509,-0.11755,-0.11628,-0.11715,-0.11704,-0.11451,3
-0.12767,-0.12742,-0.12764,-0.12683,-0.12615,-0.12569,-0.1278,-0.12739,-0.12753,-0.12643,-0.12769,-0.12772,-0.12802,-0.12749,-0.12785,-0.1293,-0.12756,-0.12761,-0.12674,-0.12631,-0.12102,-0.12702,-0.1259,-0.12481,-0.12866,-0.12725,-0.128,-0.12772,-0.12749,-0.12755,-0.12723,-0.12738,3
-0.11972,-0.11702,-0.11529,-0.11667,-0.11515,-0.11323,-0.11671,-0.11169,-0.11797,-0.11904,-0.11805,-0.11901,-0.11432,-0.11774,-0.11508,-0.11364,-0.11152,-0.11512,-0.11724,-0.11847,-0.11235,-0.11291,-0.11569,-0.11781,-0.11805,-0.11368,-0.11492,-0.11281,-0.11416,-0.11753,-0.12008,-0.11906,3
-0.11524,-0.11596,-0.11227,-0.11909,-0.11901,-0.11042,-0.11561,-0.12043,-0.11339,-0.11275,-0.11556,-0.11883,-0.1082,-0.11655,-0.11152,-0.11233,-0.10781,-0.10972,-0.11571,-0.1148,-0.11845,-0.11588,-0.1153,-0.11734,-0.11662,-0.11589,-0.11288,-0.11698,-0.1142,-0.11362,-0.11768,-0.12065,3
-0.11844,-0.11739,-0.11776,-0.11715,-0.11697,-0.11689,-0.11994,-0.11593,-0.11676,-0.11455,-0.11815,-0.11788,-0.11782,-0.11654,-0.11308,-0.11239,-0.11952,-0.11329,-0.11583,-0.11756,-0.11915,-0.11807,-0.12014,-0.11471,-0.1177,-0.11693,-0.11549,-0.11797,-0.11678,-0.11703,-0.1168,-0.11499,3
-0.10708,-0.11072,-0.10965,-0.09417,-0.10164,-0.097959,-0.10353,-0.10613,-0.10192,-0.1034,-0.10494,-0.10385,-0.10239,-0.10366,-0.10543,-0.10518,-0.10978,-0.11244,-0.10858,-0.10755,-0.10825,-0.10359,-0.10951,-0.11208,-0.10955,-0.10651,-0.10639,-0.11103,-0.10837,-0.10813,-0.10741,-0.10963,3
-0.11393,-0.11994,-0.11589,-0.11153,-0.11762,-0.11356,-0.1142,-0.11575,-0.11498,-0.10951,-0.11763,-0.11675,-0.11445,-0.11374,-0.11902,-0.11738,-0.11557,-0.11719,-0.11875,-0.12005,-0.11649,-0.11841,-0.11328,-0.11473,-0.11054,-0.11727,-0.11408,-0.11578,-0.11287,-0.1087,-0.10998,-0.11553,3
-0.11588,-0.11211,-0.11006,-0.1182,-0.1184,-0.11917,-0.11499,-0.11385,-0.11767,-0.11617,-0.11386,-0.11517,-0.11375,-0.11785,-0.1192,-0.11661,-0.11193,-0.11532,-0.1147,-0.11088,-0.11777,-0.11294,-0.11766,-0.11621,-0.11154,-0.11594,-0.1166,-0.11661,-0.11745,-0.11277,-0.11685,-0.11602,4
-0.11704,-0.1166,-0.11333,-0.10662,-0.11478,-0.11454,-0.11746,-0.1086,-0.11939,-0.11754,-0.1127,-0.10878,-0.11758,-0.11215,-0.11465,-0.12118,-0.11271,-0.11727,-0.11461,-0.11712,-0.11257,-0.11235,-0.11327,-0.1122,-0.11475,-0.11777,-0.11377,-0.10959,-0.10944,-0.10793,-0.11758,-0.11409,4
-0.11629,-0.11642,-0.11797,-0.11713,-0.11604,-0.1174,-0.11696,-0.11732,-0.11679,-0.11759,-0.11535,-0.11707,-0.11632,-0.11563,-0.1189,-0.11746,-0.11567,-0.11783,-0.118,-0.11717,-0.11444,-0.11804,-0.11761,-0.11992,-0.11618,-0.10571,-0.11724,-0.11476,-0.11779,-0.11727,-0.11766,-0.1169,4
-0.116,-0.11772,-0.11957,-0.11599,-0.11339,-0.11727,-0.11562,-0.11723,-0.11632,-0.11502,-0.11802,-0.11271,-0.1162,-0.11499,-0.11634,-0.11039,-0.11872,-0.11452,-0.11546,-0.11779,-0.11166,-0.11563,-0.11507,-0.11322,-0.11601,-0.1175,-0.11245,-0.11546,-0.11269,-0.11625,-0.1176,-0.11722,4
-0.11447,-0.11729,-0.11738,-0.11735,-0.11982,-0.11008,-0.11572,-0.10964,-0.11323,-0.11802,-0.11386,-0.11636,-0.11573,-0.11051,-0.11153,-0.10819,-0.11446,-0.11691,-0.11512,-0.11212,-0.11566,-0.11339,-0.11428,-0.10828,-0.11731,-0.12048,-0.10935,-0.11034,-0.12035,-0.11429,-0.11595,-0.11463,4
-0.11727,-0.11079,-0.11795,-0.11068,-0.11322,-0.10918,-0.1112,-0.11103,-0.11593,-0.11432,-0.11749,-0.11291,-0.11775,-0.11662,-0.11495,-0.11564,-0.11796,-0.11926,-0.11644,-0.11757,-0.11656,-0.11635,-0.1166,-0.11568,-0.11402,-0.1155,-0.11654,-0.11787,-0.11551,-0.1158,-0.11607,-0.11439,4
-0.11512,-0.11651,-0.11709,-0.11512,-0.11266,-0.11478,-0.11745,-0.11578,-0.11548,-0.11559,-0.11359,-0.11593,-0.11166,-0.11338,-0.10306,-0.11222,-0.11912,-0.1111,-0.11319,-0.11082,-0.11353,-0.11808,-0.1128,-0.10796,-0.11303,-0.11615,-0.11581,-0.11214,-0.10977,-0.11254,-0.11472,-0.11275,4
-0.066751,-0.07309,-0.07279,-0.025653,-0.095626,-0.11249,-0.11591,-0.11347,-0.11101,-0.11276,-0.1188,-0.11682,-0.11604,-0.11718,-0.11862,-0.11442,-0.11282,-0.11495,-0.1169,-0.11785,-0.11702,-0.1155,-0.11846,-0.11564,-0.1134,-0.11967,-0.11893,-0.11202,-0.11783,-0.11637,-0.11674,-0.11378,4
-0.10874,-0.10909,-0.10947,-0.1182,-0.1145,-0.11558,-0.11299,-0.1122,-0.11605,-0.11287,-0.1148,-0.11623,-0.11879,-0.10918,-0.11455,-0.11383,-0.11313,-0.11042,-0.10788,-0.11282,-0.10147,-0.10057,-0.096001,-0.088433,-0.090693,-0.092718,-0.11702,-0.11883,-0.11728,-0.11656,-0.11041,-0.11719,4
-0.1115,-0.11131,-0.11273,-0.11406,-0.1152,-0.1119,-0.11418,-0.11921,-0.11608,-0.11165,-0.11342,-0.11405,-0.11798,-0.11682,-0.11545,-0.11431,-0.11724,-0.11702,-0.11703,-0.1172,-0.1197,-0.11611,-0.11617,-0.11159,-0.11646,-0.11331,-0.11757,-0.11962,-0.11342,-0.10759,-0.11859,-0.1152,4
-0.11118,-0.1088,-0.11618,-0.11442,-0.1165,-0.12055,-0.11567,-0.11382,-0.11494,-0.11471,-0.11458,-0.11801,-0.12081,-0.11451,-0.11241,-0.11422,-0.11214,-0.11894,-0.11534,-0.11826,-0.11598,-0.11413,-0.10697,-0.11609,-0.11,-0.11318,-0.11711,-0.11324,-0.11414,-0.11461,-0.11105,-0.11613,4
-0.11874,-0.11701,-0.11211,-0.11482,-0.11229,-0.11642,-0.10853,-0.11177,-0.1139,-0.11915,-0.11767,-0.11822,-0.11866,-0.11094,-0.11768,-0.11557,-0.11451,-0.11405,-0.11708,-0.11019,-0.11826,-0.11087,-0.11526,-0.11463,-0.11791,-0.11877,-0.11398,-0.11528,-0.11954,-0.11497,-0.11715,-0.117,4
-0.11484,-0.11153,-0.11236,-0.11699,-0.11485,-0.10998,-0.12016,-0.10289,-0.11551,-0.11357,-0.11528,-0.117,-0.1124,-0.11208,-0.1181,-0.11201,-0.11815,-0.11415,-0.11504,-0.11633,-0.11729,-0.11343,-0.11453,-0.10992,-0.11605,-0.11309,-0.11535,-0.1165,-0.1139,-0.11625,-0.11832,-0.11538,4
-0.11757,-0.11673,-0.11835,-0.12008,-0.11472,-0.11288,-0.11967,-0.1187,-0.11299,-0.1194,-0.11721,-0.11783,-0.11482,-0.11822,-0.11774,-0.11435,-0.11567,-0.11941,-0.11866,-0.12064,-0.11663,-0.11133,-0.11772,-0.11944,-0.11593,-0.11946,-0.11235,-0.11443,-0.11583,-0.11707,-0.11936,-0.10925,4
-0.10882,-0.1171,-0.11877,-0.11948,-0.11826,-0.11226,-0.11233,-0.11917,-0.12152,-0.11367,-0.11524,-0.11492,-0.11709,-0.11636,-0.11004,-0.11005,-0.11544,-0.11531,-0.11304,-0.11584,-0.11004,-0.11506,-0.11653,-0.11011,-0.11445,-0.11317,-0.11383,-0.11505,-0.11685,-0.12069,-0.11639,-0.11631,4
-0.11733,-0.11663,-0.11699,-0.11763,-0.11851,-0.1175,-0.11721,-0.11822,-0.11788,-0.11776,-0.11756,-0.11669,-0.11803,-0.11835,-0.1176,-0.11802,-0.11823,-0.11865,-0.11766,-0.11739,-0.11706,-0.11782,-0.11527,-0.11796,-0.11727,-0.11732,-0.11761,-0.11788,-0.11534,-0.11783,-0.118,-0.11755,4
-0.11857,-0.11816,-0.11389,-0.11802,-0.11116,-0.11242,-0.11398,-0.10906,-0.11598,-0.11666,-0.11922,-0.11622,-0.11713,-0.11613,-0.11534,-0.11345,-0.11848,-0.11777,-0.11853,-0.117,-0.11323,-0.11841,-0.11275,-0.1151,-0.11241,-0.11792,-0.11003,-0.11415,-0.10593,-0.11708,-0.11388,-0.11486,4
-0.10842,-0.11899,-0.11462,-0.11344,-0.11609,-0.11751,-0.12006,-0.11646,-0.11331,-0.11593,-0.11462,-0.11984,-0.11772,-0.11107,-0.11139,-0.11608,-0.11365,-0.11513,-0.11595,-0.11933,-0.11639,-0.12036,-0.11489,-0.11786,-0.1127,-0.11245,-0.1187,-0.11901,-0.12147,-0.11757,-0.11823,-0.10697,4
-0.11613,-0.11088,-0.11369,-0.11629,-0.1138,-0.11347,-0.11751,-0.11686,-0.11573,-0.11935,-0.11956,-0.11646,-0.11559,-0.1154,-0.1189,-0.117,-0.11633,-0.10821,-0.11453,-0.11183,-0.11559,-0.11367,-0.11697,-0.11047,-0.11719,-0.1159,-0.12033,-0.11601,-0.11989,-0.11754,-0.11347,-0.11898,4
-0.11896,-0.11804,-0.11587,-0.11857,-0.11852,-0.11746,-0.11836,-0.11463,-0.11716,-0.11883,-0.11313,-0.11771,-0.1118,-0.11751,-0.11796,-0.11755,-0.11837,-0.12015,-0.12118,-0.11746,-0.11771,-0.1181,-0.11467,-0.11766,-0.11732,-0.11762,-0.11577,-0.11666,-0.10914,-0.11797,-0.11683,-0.12031,4
-0.11426,-0.10707,-0.11098,-0.11611,-0.11817,-0.11729,-0.10865,-0.11768,-0.1177,-0.11703,-0.11355,-0.10509,-0.11519,-0.1113,-0.11157,-0.1131,-0.11094,-0.11706,-0.11143,-0.11247,-0.11343,-0.11518,-0.1188,-0.11241,-0.11741,-0.11634,-0.11572,-0.11045,-0.10484,-0.10998,-0.11156,-0.11296,4
-0.11626,-0.10945,-0.11676,-0.11739,-0.11781,-0.12047,-0.11759,-0.11712,-0.11691,-0.11791,-0.11668,-0.11797,-0.11608,-0.1179,-0.11754,-0.1173,-0.11431,-0.11722,-0.11804,-0.11557,-0.11842,-0.11682,-0.11783,-0.11683,-0.11738,-0.11807,-0.11696,-0.11806,-0.11772,-0.11776,-0.11772,-0.11554,4
-0.11402,-0.11409,-0.11586,-0.11917,-0.11035,-0.10828,-0.11178,-0.11664,-0.11367,-0.11158,-0.11148,-0.11906,-0.11548,-0.11471,-0.11422,-0.11183,-0.11535,-0.11074,-0.11172,-0.11569,-0.1172,-0.12085,-0.11552,-0.11593,-0.10948,-0.11265,-0.11272,-0.1189,-0.11545,-0.1176,-0.109,-0.11248,4
-0.11636,-0.11763,-0.11984,-0.11856,-0.1181,-0.11471,-0.11928,-0.1135,-0.1168,-0.11628,-0.11722,-0.11696,-0.11673,-0.1199,-0.11869,-0.11605,-0.11532,-0.11442,-0.11823,-0.1166,-0.11463,-0.11505,-0.11657,-0.11829,-0.11623,-0.11608,-0.11769,-0.11825,-0.11466,-0.11593,-0.11281,-0.12022,4
-0.11239,-0.11608,-0.11704,-0.11719,-0.11739,-0.11582,-0.11412,-0.11472,-0.11242,-0.11639,-0.11575,-0.11614,-0.11459,-0.11714,-0.11745,-0.1133,-0.11633,-0.11657,-0.11411,-0.11798,-0.11462,-0.11281,-0.11616,-0.11457,-0.11641,-0.11585,-0.11482,-0.1068,-0.11513,-0.11613,-0.11609,-0.11631,4
-0.11683,-0.11647,-0.1161,-0.11136,-0.11325,-0.1131,-0.11263,-0.11448,-0.11725,-0.11814,-0.10961,-0.11593,-0.11341,-0.1159,-0.10742,-0.11088,-0.1087,-0.11821,-0.11744,-0.11654,-0.11293,-0.11601,-0.11166,-0.11609,-0.11303,-0.11693,-0.1172,-0.1123,-0.11265,-0.11605,-0.11556,-0.11373,4
-0.11662,-0.11053,-0.11576,-0.11294,-0.11471,-0.11974,-0.1177,-0.11627,-0.11912,-0.11543,-0.11389,-0.11437,-0.11331,-0.11602,-0.11154,-0.11542,-0.11927,-0.1166,-0.11358,-0.11181,-0.11556,-0.11207,-0.11228,-0.11935,-0.11634,-0.11278,-0.11787,-0.11402,-0.11581,-0.10875,-0.12017,-0.11858,4
-0.11152,-0.11475,-0.11224,-0.11477,-0.11143,-0.11459,-0.11425,-0.11268,-0.11902,-0.11534,-0.11263,-0.11621,-0.11442,-0.1154,-0.11587,-0.11385,-0.11492,-0.11022,-0.11539,-0.11242,-0.11212,-0.11029,-0.11551,-0.1123,-0.11351,-0.11567,-0.11954,-0.11332,-0.11608,-0.11497,-0.11808,-0.10612,4
-0.1152,-0.11694,-0.1153,-0.11761,-0.11324,-0.11708,-0.1166,-0.1134,-0.10891,-0.11629,-0.11419,-0.11187,-0.11257,-0.11339,-0.11236,-0.1139,-0.11136,-0.11541,-0.11452,-0.11388,-0.1144,-0.11857,-0.11282,-0.11709,-0.11086,-0.11674,-0.1135,-0.11729,-0.11754,-0.11706,-0.11606,-0.11788,4
-0.11859,-0.11618,-0.11099,-0.11923,-0.11695,-0.10856,-0.1155,-0.11368,-0.11581,-0.11471,-0.11351,-0.11621,-0.1118,-0.11402,-0.11725,-0.11718,-0.11461,-0.11716,-0.11399,-0.1162,-0.11339,-0.11696,-0.11841,-0.11279,-0.11552,-0.11487,-0.1145,-0.11449,-0.11843,-0.11715,-0.1187,-0.1142,4
-0.10778,-0.11035,-0.11485,-0.11434,-0.10998,-0.11419,-0.11602,-0.11601,-0.11705,-0.11622,-0.11395,-0.11691,-0.11323,-0.1134,-0.11806,-0.11209,-0.12091,-0.11594,-0.11329,-0.1108,-0.11507,-0.11492,-0.11825,-0.11786,-0.11744,-0.11352,-0.10876,-0.11376,-0.1114,-0.11466,-0.11405,-0.11509,4
-0.11582,-0.11582,-0.112,-0.11037,-0.11358,-0.11163,-0.11319,-0.11646,-0.11461,-0.11689,-0.11731,-0.11847,-0.11978,-0.12074,-0.11846,-0.1142,-0.11967,-0.11718,-0.11718,-0.11549,-0.11622,-0.11531,-0.1125,-0.1191,-0.11025,-0.11667,-0.11731,-0.11709,-0.11915,-0.11638,-0.11935,-0.11938,4
-0.11217,-0.11583,-0.11769,-0.11424,-0.11288,-0.11832,-0.11751,-0.11868,-0.11104,-0.1189,-0.11641,-0.11513,-0.11279,-0.11553,-0.11633,-0.11417,-0.11235,-0.1111,-0.11034,-0.11691,-0.11083,-0.11606,-0.11584,-0.11283,-0.11856,-0.11912,-0.11411,-0.11634,-0.11794,-0.11412,-0.11204,-0.11667,4
-0.11635,-0.11369,-0.11509,-0.12022,-0.11359,-0.11841,-0.11258,-0.111,-0.12048,-0.11834,-0.11488,-0.11174,-0.11545,-0.11754,-0.12059,-0.11478,-0.11704,-0.11855,-0.11469,-0.1094,-0.11888,-0.11818,-0.11131,-0.11631,-0.11569,-0.11527,-0.11677,-0.11743,-0.11479,-0.11762,-0.11716,-0.11674,4
-0.11593,-0.11574,-0.113,-0.11997,-0.11017,-0.11342,-0.11483,-0.1148,-0.11815,-0.11658,-0.1157,-0.11805,-0.11357,-0.11073,-0.11493,-0.11455,-0.11563,-0.11516,-0.11135,-0.11645,-0.11536,-0.11456,-0.11625,-0.11822,-0.11896,-0.10883,-0.11504,-0.11363,-0.11707,-0.11409,-0.11826,-0.11236,4
-0.11743,-0.11633,-0.11351,-0.11753,-0.11401,-0.11913,-0.11585,-0.11565,-0.11336,-0.11828,-0.11912,-0.1207,-0.1189,-0.11564,-0.11601,-0.11966,-0.1173,-0.11576,-0.11774,-0.11726,-0.11829,-0.11986,-0.12082,-0.11555,-0.11903,-0.11891,-0.11613,-0.12047,-0.11485,-0.11202,-0.11844,-0.11827,4
-0.11129,-0.11384,-0.10476,-0.11802,-0.11543,-0.11537,-0.10804,-0.11548,-0.11656,-0.11539,-0.11976,-0.11304,-0.11703,-0.11422,-0.11316,-0.11634,-0.11886,-0.11143,-0.11445,-0.10758,-0.11376,-0.11744,-0.11441,-0.11829,-0.11719,-0.11226,-0.10728,-0.11756,-0.10677,-0.10828,-0.11603,-0.11096,4
-0.11746,-0.11865,-0.11242,-0.11701,-0.11833,-0.11567,-0.11972,-0.11646,-0.11304,-0.11862,-0.11017,-0.11281,-0.10913,-0.11366,-0.11124,-0.11777,-0.10811,-0.10811,-0.11571,-0.11332,-0.10699,-0.10884,-0.11826,-0.11548,-0.1045,-0.11371,-0.1052,-0.11024,-0.10871,-0.11134,-0.10884,-0.10701,4
-0.11528,-0.11708,-0.11382,-0.1164,-0.11974,-0.12001,-0.11818,-0.11829,-0.1115,-0.11769,-0.11717,-0.11767,-0.1187,-0.11705,-0.11344,-0.11479,-0.11547,-0.11731,-0.11394,-0.1107,-0.11566,-0.11468,-0.11145,-0.11201,-0.11779,-0.11608,-0.11689,-0.1169,-0.11668,-0.11637,-0.11166,-0.11693,4
-0.11497,-0.11447,-0.11536,-0.11239,-0.11671,-0.11125,-0.11344,-0.11855,-0.11418,-0.11634,-0.11592,-0.1163,-0.11346,-0.1145,-0.11562,-0.11686,-0.11198,-0.11787,-0.11105,-0.11692,-0.11425,-0.10873,-0.11433,-0.1135,-0.11597,-0.11279,-0.11067,-0.11854,-0.11342,-0.11744,-0.11509,-0.11627,4
-0.11531,-0.11536,-0.11752,-0.12004,-0.11769,-0.11857,-0.11766,-0.11605,-0.1158,-0.11391,-0.11937,-0.11532,-0.11594,-0.11676,-0.11415,-0.11734,-0.11744,-0.11367,-0.11595,-0.11425,-0.10793,-0.11363,-0.11442,-0.11635,-0.11335,-0.11404,-0.11269,-0.11813,-0.11385,-0.11685,-0.11836,-0.11653,4
-0.11683,-0.11913,-0.11776,-0.11419,-0.11492,-0.11314,-0.11767,-0.1172,-0.1078,-0.11412,-0.11545,-0.11972,-0.11237,-0.11504,-0.11771,-0.11894,-0.11382,-0.11242,-0.11816,-0.11803,-0.11736,-0.11428,-0.11362,-0.11633,-0.11862,-0.11962,-0.1141,-0.11619,-0.11731,-0.11067,-0.11783,-0.11954,4
-0.11205,-0.11469,-0.11038,-0.11603,-0.1151,-0.11521,-0.11512,-0.11679,-0.1164,-0.11705,-0.11435,-0.10634,-0.11852,-0.11153,-0.11672,-0.11578,-0.11477,-0.11545,-0.11681,-0.11945,-0.11474,-0.11336,-0.11067,-0.11528,-0.11558,-0.11597,-0.1169,-0.10538,-0.11371,-0.10908,-0.10961,-0.11293,4
-0.11385,-0.11128,-0.11703,-0.10846,-0.11637,-0.10954,-0.11464,-0.1128,-0.11867,-0.1167,-0.1149,-0.10822,-0.11589,-0.11649,-0.11237,-0.11418,-0.1124,-0.11456,-0.11785,-0.11568,-0.11954,-0.1185,-0.11905,-0.11401,-0.10816,-0.12037,-0.11078,-0.11116,-0.11397,-0.11119,-0.11488,-0.11874,4
-0.11729,-0.11647,-0.11626,-0.1094,-0.11704,-0.11768,-0.11527,-0.11466,-0.11594,-0.11012,-0.11402,-0.11435,-0.11752,-0.11612,-0.11664,-0.11639,-0.11623,-0.11307,-0.11667,-0.11653,-0.11651,-0.11562,-0.11602,-0.11883,-0.11541,-0.11827,-0.11673,-0.11558,-0.11418,-0.11266,-0.11771,-0.10858,4
-0.11535,-0.11503,-0.11846,-0.11852,-0.11457,-0.11699,-0.11648,-0.11472,-0.11693,-0.11759,-0.1098,-0.11053,-0.11019,-0.1123,-0.11472,-0.11278,-0.11312,-0.11647,-0.11334,-0.11481,-0.11683,-0.11519,-0.11393,-0.11127,-0.11668,-0.11321,-0.11696,-0.11527,-0.11707,-0.11346,-0.11219,-0.11455,4
-0.11738,-0.11631,-0.11674,-0.11763,-0.11737,-0.11379,-0.11355,-0.11525,-0.1147,-0.11026,-0.1185,-0.11582,-0.11998,-0.11152,-0.11417,-0.11508,-0.11863,-0.11244,-0.11251,-0.11233,-0.11551,-0.11562,-0.11779,-0.11529,-0.11694,-0.11745,-0.11334,-0.11404,-0.11706,-0.11814,-0.11368,-0.11785,4
-0.11009,-0.11421,-0.11291,-0.11451,-0.11834,-0.11873,-0.11786,-0.11499,-0.11584,-0.10926,-0.11532,-0.11858,-0.1179,-0.11425,-0.11905,-0.11941,-0.11445,-0.11598,-0.11857,-0.10842,-0.11093,-0.11753,-0.11775,-0.11545,-0.11768,-0.11695,-0.11593,-0.11087,-0.1151,-0.11772,-0.11401,-0.11733,4
-0.11748,-0.11397,-0.11443,-0.11573,-0.10831,-0.10264,-0.10884,-0.11498,-0.1142,-0.11515,-0.11711,-0.11354,-0.11983,-0.11324,-0.11589,-0.11441,-0.11182,-0.11597,-0.11629,-0.11874,-0.11265,-0.11823,-0.10584,-0.11414,-0.11286,-0.1112,-0.11232,-0.11405,-0.11662,-0.11234,-0.11179,-0.11059,4
-0.11181,-0.11378,-0.11522,-0.11205,-0.11491,-0.11321,-0.11277,-0.1146,-0.11814,-0.11314,-0.11442,-0.1141,-0.11231,-0.11453,-0.11672,-0.11835,-0.10874,-0.11596,-0.11399,-0.11537,-0.11467,-0.11515,-0.11219,-0.11482,-0.11435,-0.12007,-0.11022,-0.115,-0.11391,-0.11515,-0.11135,-0.11565,4
-0.11014,-0.1106,-0.11729,-0.10909,-0.11762,-0.11139,-0.11361,-0.11867,-0.11427,-0.11537,-0.11309,-0.11798,-0.11092,-0.11639,-0.11369,-0.11486,-0.11786,-0.11884,-0.11258,-0.11081,-0.11481,-0.11423,-0.1194,-0.10529,-0.11175,-0.11563,-0.11842,-0.1125,-0.11896,-0.11842,-0.11265,-0.11991,5
-0.11182,-0.11676,-0.11768,-0.11332,-0.11806,-0.11662,-0.11661,-0.11734,-0.11154,-0.11925,-0.11612,-0.11424,-0.11457,-0.11464,-0.11607,-0.11749,-0.118,-0.11763,-0.11682,-0.11675,-0.11529,-0.11335,-0.11899,-0.11355,-0.1179,-0.11498,-0.11773,-0.12065,-0.11708,-0.11778,-0.11443,-0.11764,5
-0.11771,-0.11287,-0.11281,-0.11602,-0.11866,-0.11875,-0.11834,-0.11466,-0.11498,-0.11462,-0.1176,-0.11792,-0.11687,-0.12106,-0.11657,-0.11311,-0.11711,-0.1143,-0.1187,-0.12078,-0.11795,-0.117,-0.11615,-0.1166,-0.11608,-0.11649,-0.11788,-0.12009,-0.11727,-0.11463,-0.11372,-0.11746,5
-0.11816,-0.11401,-0.11732,-0.11911,-0.11432,-0.11652,-0.11771,-0.11726,-0.11384,-0.11547,-0.10983,-0.11641,-0.11533,-0.11795,-0.11493,-0.11772,-0.11449,-0.11604,-0.11529,-0.11546,-0.11676,-0.1158,-0.11972,-0.11531,-0.11576,-0.1148,-0.11828,-0.12137,-0.11682,-0.11997,-0.11795,-0.1179,5
-0.11395,-0.11412,-0.11357,-0.11146,-0.11582,-0.11482,-0.11868,-0.10906,-0.11763,-0.11356,-0.1139,-0.11243,-0.11356,-0.11005,-0.11405,-0.10862,-0.11568,-0.11694,-0.11469,-0.11874,-0.11093,-0.11931,-0.1115,-0.10998,-0.11258,-0.11497,-0.11468,-0.11543,-0.11358,-0.11515,-0.11402,-0.11669,5
-0.11264,-0.11798,-0.11362,-0.11793,-0.11668,-0.11566,-0.11983,-0.11786,-0.11909,-0.11205,-0.11533,-0.11764,-0.11674,-0.11612,-0.11061,-0.11982,-0.11605,-0.11722,-0.11708,-0.11521,-0.12074,-0.11674,-0.11863,-0.11596,-0.11758,-0.11842,-0.11809,-0.11748,-0.11682,-0.11179,-0.11819,-0.11154,5
-0.11717,-0.11591,-0.11813,-0.1179,-0.11609,-0.1172,-0.11779,-0.11874,-0.1197,-0.1137,-0.11649,-0.11868,-0.11589,-0.11636,-0.11837,-0.11719,-0.11596,-0.11712,-0.11709,-0.11647,-0.1193,-0.11466,-0.11797,-0.11536,-0.11399,-0.11522,-0.11699,-0.11577,-0.11422,-0.11831,-0.11857,-0.11611,5
-0.11587,-0.11867,-0.11672,-0.11988,-0.11794,-0.12026,-0.11895,-0.11519,-0.11388,-0.116,-0.11741,-0.11427,-0.11858,-0.11209,-0.1153,-0.11645,-0.11749,-0.11576,-0.11764,-0.1188,-0.11794,-0.11582,-0.11202,-0.1167,-0.11732,-0.11412,-0.11201,-0.11665,-0.11508,-0.11667,-0.11644,-0.11655,5
-0.11698,-0.118,-0.11887,-0.11925,-0.11686,-0.12116,-0.11819,-0.11755,-0.11997,-0.11768,-0.11705,-0.11902,-0.11823,-0.11214,-0.11915,-0.11736,-0.11549,-0.11825,-0.11489,-0.11541,-0.11823,-0.10921,-0.11609,-0.11519,-0.10991,-0.11939,-0.11832,-0.11844,-0.10976,-0.11694,-0.1132,-0.11893,5
-0.11539,-0.11875,-0.116,-0.11621,-0.10977,-0.11684,-0.11502,-0.11692,-0.11748,-0.1166,-0.11766,-0.11493,-0.11762,-0.11535,-0.11769,-0.11633,-0.11559,-0.12059,-0.11693,-0.11723,-0.11963,-0.11919,-0.1143,-0.11908,-0.11513,-0.1178,-0.11764,-0.11596,-0.11341,-0.1179,-0.11122,-0.11911,5
-0.11602,-0.11756,-0.11754,-0.11809,-0.11643,-0.12015,-0.11704,-0.11777,-0.11512,-0.11826,-0.11542,-0.11596,-0.11651,-0.11773,-0.11573,-0.11374,-0.1167,-0.11783,-0.1136,-0.11657,-0.11511,-0.11738,-0.11981,-0.11718,-0.11714,-0.11764,-0.11288,-0.11341,-0.10824,-0.11023,-0.11428,-0.11701,5
-0.11459,-0.11303,-0.11083,-0.11658,-0.11829,-0.10723,-0.11805,-0.11597,-0.11197,-0.11961,-0.1144,-0.11599,-0.11559,-0.11643,-0.11599,-0.11758,-0.118,-0.11835,-0.11925,-0.11822,-0.11728,-0.11992,-0.11728,-0.1208,-0.11548,-0.11516,-0.11452,-0.11666,-0.11703,-0.11726,-0.11689,-0.11352,5
-0.11014,-0.11375,-0.11482,-0.11795,-0.1136,-0.12055,-0.11643,-0.11807,-0.11765,-0.1196,-0.11653,-0.11072,-0.11076,-0.11414,-0.11871,-0.11779,-0.11795,-0.11717,-0.11561,-0.11328,-0.11202,-0.11921,-0.11664,-0.11523,-0.11688,-0.11691,-0.11282,-0.11551,-0.11484,-0.1176,-0.11595,-0.11165,5
-0.11817,-0.11592,-0.1192,-0.11843,-0.1139,-0.11613,-0.11873,-0.11703,-0.11267,-0.11912,-0.11665,-0.11707,-0.1178,-0.11531,-0.11906,-0.11858,-0.11817,-0.11284,-0.11294,-0.11434,-0.11436,-0.1168,-0.11594,-0.11667,-0.11724,-0.11879,-0.11632,-0.11107,-0.11536,-0.11637,-0.11818,-0.11866,5
-0.10771,-0.11757,-0.11984,-0.11954,-0.11599,-0.1149,-0.11686,-0.11541,-0.11136,-0.11766,-0.1155,-0.11688,-0.11584,-0.11909,-0.11718,-0.11609,-0.11952,-0.11754,-0.11704,-0.11768,-0.1152,-0.11254,-0.11727,-0.11743,-0.11828,-0.11234,-0.11621,-0.10984,-0.11715,-0.11475,-0.11073,-0.11783,5
-0.12141,-0.11787,-0.11543,-0.11499,-0.11302,-0.11603,-0.1173,-0.11415,-0.1166,-0.11562,-0.11713,-0.11416,-0.1148,-0.1159,-0.11617,-0.11863,-0.11505,-0.11489,-0.11516,-0.11391,-0.11697,-0.11656,-0.11781,-0.11176,-0.11749,-0.11713,-0.1162,-0.11535,-0.11788,-0.11722,-0.11516,-0.11597,5
-0.11495,-0.11301,-0.11796,-0.11631,-0.11684,-0.11765,-0.11469,-0.11809,-0.11534,-0.11212,-0.11539,-0.11916,-0.11595,-0.11325,-0.11558,-0.11546,-0.11489,-0.11224,-0.11574,-0.11375,-0.11634,-0.11434,-0.11801,-0.11956,-0.11358,-0.11934,-0.11014,-0.11525,-0.11655,-0.11569,-0.11195,-0.11293,5
-0.1178,-0.11796,-0.11746,-0.11463,-0.11746,-0.11625,-0.11639,-0.11599,-0.11628,-0.11576,-0.11709,-0.11129,-0.11536,-0.11652,-0.11817,-0.11872,-0.11389,-0.11583,-0.11835,-0.11745,-0.11599,-0.11682,-0.11699,-0.11568,-0.11612,-0.11821,-0.11718,-0.11451,-0.11589,-0.11402,-0.1176,-0.11759,5
-0.11955,-0.11317,-0.11686,-0.11261,-0.11047,-0.11711,-0.11464,-0.11501,-0.11646,-0.11178,-0.11877,-0.1159,-0.1102,-0.11156,-0.1106,-0.11797,-0.10842,-0.1205,-0.11593,-0.10843,-0.11998,-0.11649,-0.11837,-0.11809,-0.11631,-0.11797,-0.11502,-0.11586,-0.11283,-0.11894,-0.11702,-0.11631,5
-0.11415,-0.11455,-0.11321,-0.1053,-0.11215,-0.11729,-0.11548,-0.11651,-0.11594,-0.11402,-0.11338,-0.11343,-0.11709,-0.11629,-0.11731,-0.11593,-0.11437,-0.11622,-0.1168,-0.11814,-0.11837,-0.11739,-0.11711,-0.1179,-0.11795,-0.11657,-0.10997,-0.11384,-0.12004,-0.11287,-0.11742,-0.11598,5
-0.11928,-0.11747,-0.10989,-0.12057,-0.11214,-0.11835,-0.11145,-0.11553,-0.11524,-0.1117,-0.11562,-0.11725,-0.11215,-0.11537,-0.11902,-0.11734,-0.10699,-0.11762,-0.11747,-0.11732,-0.11352,-0.11546,-0.11783,-0.11124,-0.11833,-0.11384,-0.11787,-0.11515,-0.1179,-0.11593,-0.12058,-0.11736,5
-0.11757,-0.11345,-0.11462,-0.11906,-0.11834,-0.11858,-0.11971,-0.11487,-0.11693,-0.1105,-0.11348,-0.1149,-0.11741,-0.11424,-0.11799,-0.11629,-0.11667,-0.11781,-0.11928,-0.11422,-0.11418,-0.11302,-0.11976,-0.11906,-0.11684,-0.11592,-0.1144,-0.11787,-0.11816,-0.11747,-0.11799,-0.11567,5
-0.11157,-0.11601,-0.11386,-0.11443,-0.11566,-0.11686,-0.11532,-0.11896,-0.11545,-0.11775,-0.11328,-0.11551,-0.11359,-0.11598,-0.11456,-0.11868,-0.11635,-0.11386,-0.11476,-0.11516,-0.11269,-0.11571,-0.11855,-0.11948,-0.11552,-0.11789,-0.11635,-0.11322,-0.11603,-0.11849,-0.10703,-0.11176,5
-0.11278,-0.11675,-0.11693,-0.11384,-0.11294,-0.11487,-0.11795,-0.11108,-0.11294,-0.11832,-0.11524,-0.11514,-0.11496,-0.11553,-0.11003,-0.11285,-0.1147,-0.11626,-0.10704,-0.11528,-0.11391,-0.11507,-0.11684,-0.11762,-0.11535,-0.11415,-0.10903,-0.11619,-0.116,-0.11691,-0.11449,-0.11652,5
-0.11248,-0.11618,-0.10966,-0.11682,-0.10684,-0.10775,-0.11689,-0.11284,-0.11436,-0.11424,-0.11196,-0.11064,-0.10933,-0.11529,-0.11653,-0.11221,-0.11494,-0.1155,-0.11389,-0.118,-0.11677,-0.10981,-0.11486,-0.11201,-0.11812,-0.11736,-0.11429,-0.11414,-0.11246,-0.11683,-0.11507,-0.11689,5
-0.11877,-0.11741,-0.11728,-0.11654,-0.11222,-0.11383,-0.11795,-0.11617,-0.1148,-0.11673,-0.11172,-0.11504,-0.11567,-0.1127,-0.11558,-0.11689,-0.11565,-0.11713,-0.11952,-0.11644,-0.11634,-0.11374,-0.11947,-0.11704,-0.11397,-0.11515,-0.11525,-0.11673,-0.11772,-0.11708,-0.11818,-0.11351,5
-0.11768,-0.1075,-0.11165,-0.1174,-0.11394,-0.11542,-0.11541,-0.10546,-0.11776,-0.11801,-0.10994,-0.11503,-0.1171,-0.11848,-0.11495,-0.11015,-0.11916,-0.11946,-0.11082,-0.11619,-0.115,-0.11425,-0.11585,-0.11346,-0.1129,-0.10808,-0.10884,-0.10462,-0.11447,-0.11175,-0.11343,-0.11325,5
-0.1195,-0.11224,-0.11612,-0.12052,-0.11987,-0.11994,-0.1151,-0.11847,-0.11707,-0.11833,-0.11714,-0.118,-0.11608,-0.11436,-0.11426,-0.1159,-0.11844,-0.1112,-0.11995,-0.11798,-0.11735,-0.11515,-0.12048,-0.11666,-0.11319,-0.1176,-0.11747,-0.11796,-0.12006,-0.11969,-0.1187,-0.11827,5
-0.11281,-0.1152,-0.11877,-0.11749,-0.11429,-0.11556,-0.11959,-0.1142,-0.11698,-0.11749,-0.11699,-0.11242,-0.11611,-0.11674,-0.117,-0.11154,-0.11224,-0.11758,-0.11437,-0.11266,-0.11566,-0.11464,-0.11263,-0.11718,-0.11519,-0.11876,-0.11775,-0.11722,-0.11402,-0.11633,-0.11561,-0.11326,5
-0.11431,-0.11623,-0.11782,-0.11926,-0.11317,-0.11842,-0.11644,-0.11568,-0.11417,-0.11763,-0.11075,-0.11301,-0.11743,-0.11798,-0.11223,-0.11636,-0.11241,-0.11679,-0.11764,-0.11767,-0.10771,-0.11879,-0.11042,-0.11784,-0.12062,-0.11327,-0.11632,-0.1154,-0.11916,-0.11581,-0.11614,-0.11661,5
-0.11301,-0.11532,-0.11172,-0.12048,-0.11656,-0.11992,-0.11644,-0.11901,-0.11979,-0.11543,-0.11464,-0.11604,-0.11771,-0.11708,-0.11197,-0.11561,-0.11935,-0.11434,-0.11642,-0.12091,-0.12044,-0.11576,-0.11921,-0.11438,-0.11724,-0.11937,-0.11536,-0.11677,-0.11603,-0.11303,-0.11698,-0.11907,5
-0.11662,-0.11789,-0.11834,-0.11781,-0.11754,-0.11935,-0.11953,-0.1167,-0.11718,-0.11719,-0.11729,-0.11763,-0.11717,-0.11926,-0.11738,-0.11852,-0.1203,-0.11843,-0.11669,-0.118,-0.1192,-0.11593,-0.1128,-0.11393,-0.11626,-0.11521,-0.11876,-0.11706,-0.12052,-0.11501,-0.11886,-0.11576,5
-0.11461,-0.11762,-0.11461,-0.11806,-0.11421,-0.11559,-0.11671,-0.11586,-0.11591,-0.1164,-0.11594,-0.11608,-0.11563,-0.11731,-0.11649,-0.11238,-0.11281,-0.11508,-0.11682,-0.11179,-0.11955,-0.118,-0.11589,-0.1208,-0.11931,-0.1168,-0.11526,-0.11787,-0.11135,-0.11787,-0.11678,-0.11841,5
-0.12019,-0.1168,-0.11779,-0.11789,-0.11623,-0.11794,-0.11736,-0.11657,-0.11471,-0.11852,-0.11521,-0.11531,-0.11489,-0.11822,-0.11882,-0.11693,-0.11062,-0.11713,-0.11821,-0.11484,-0.1183,-0.12009,-0.11417,-0.11442,-0.11743,-0.11777,-0.11862,-0.11737,-0.11763,-0.11532,-0.11191,-0.11935,5
-0.11867,-0.1173,-0.11608,-0.11655,-0.11199,-0.11522,-0.11561,-0.1132,-0.11753,-0.11954,-0.11505,-0.11865,-0.11827,-0.11066,-0.1172,-0.12002,-0.10979,-0.1158,-0.11827,-0.11648,-0.11062,-0.11443,-0.11838,-0.11835,-0.11417,-0.11426,-0.11125,-0.11634,-0.11536,-0.10905,-0.11654,-0.1129,5
-0.11689,-0.10923,-0.11338,-0.11705,-0.11876,-0.11622,-0.11207,-0.11661,-0.11705,-0.11888,-0.11581,-0.1084,-0.11509,-0.11649,-0.11297,-0.11763,-0.11907,-0.11643,-0.11603,-0.11308,-0.11575,-0.11442,-0.11683,-0.11725,-0.11296,-0.11632,-0.11697,-0.11621,-0.11763,-0.11744,-0.11707,-0.11731,5
-0.1172,-0.11627,-0.11637,-0.1147,-0.11576,-0.11582,-0.11075,-0.11552,-0.11699,-0.11677,-0.11844,-0.11287,-0.11654,-0.11662,-0.11595,-0.11518,-0.11652,-0.11083,-0.11786,-0.11715,-0.11839,-0.11277,-0.11695,-0.1187,-0.11743,-0.11507,-0.11693,-0.11757,-0.11278,-0.11771,-0.11713,-0.11524,5
-0.1143,-0.11779,-0.11868,-0.11416,-0.11605,-0.11902,-0.1192,-0.1199,-0.11175,-0.11578,-0.11356,-0.11633,-0.11733,-0.11578,-0.11941,-0.11639,-0.11703,-0.11613,-0.11212,-0.11731,-0.11645,-0.1196,-0.11414,-0.11676,-0.11107,-0.11977,-0.11936,-0.1194,-0.114,-0.11392,-0.11828,-0.10984,5
-0.11617,-0.11519,-0.11606,-0.11676,-0.11481,-0.11531,-0.11852,-0.11727,-0.11794,-0.11834,-0.11871,-0.11877,-0.1198,-0.1188,-0.1178,-0.11597,-0.11744,-0.11196,-0.11575,-0.12045,-0.11527,-0.1149,-0.11472,-0.11643,-0.11839,-0.11665,-0.1197,-0.11579,-0.11256,-0.11398,-0.11774,-0.11581,5
-0.11569,-0.11517,-0.11687,-0.11364,-0.11531,-0.11305,-0.11588,-0.11618,-0.11455,-0.11679,-0.11485,-0.11503,-0.11634,-0.11732,-0.1099,-0.11827,-0.11483,-0.11429,-0.10694,-0.11908,-0.11885,-0.11963,-0.11891,-0.11642,-0.11365,-0.11026,-0.11599,-0.11271,-0.11336,-0.11454,-0.11318,-0.11922,5
-0.11619,-0.11329,-0.11095,-0.11425,-0.11735,-0.11161,-0.11073,-0.11709,-0.11395,-0.11188,-0.1181,-0.11726,-0.11066,-0.11548,-0.11117,-0.1206,-0.11718,-0.11819,-0.11757,-0.11771,-0.11629,-0.11483,-0.1172,-0.11548,-0.11977,-0.11607,-0.11693,-0.11683,-0.11699,-0.11837,-0.11158,-0.11415,5
-0.114,-0.11651,-0.11231,-0.11551,-0.11813,-0.1176,-0.11219,-0.11328,-0.11694,-0.11705,-0.11718,-0.11613,-0.11518,-0.11424,-0.11582,-0.11746,-0.12014,-0.11345,-0.11433,-0.11049,-0.11619,-0.11762,-0.11441,-0.11454,-0.11659,-0.1124,-0.11396,-0.11383,-0.1163,-0.1164,-0.11167,-0.11614,5
-0.11142,-0.11177,-0.1091,-0.11238,-0.10712,-0.10829,-0.10937,-0.11121,-0.11019,-0.11298,-0.11461,-0.11271,-0.10876,-0.10926,-0.11095,-0.11257,-0.11004,-0.10482,-0.10955,-0.11096,-0.11071,-0.11098,-0.11098,-0.11091,-0.11221,-0.10823,-0.11457,-0.11085,-0.11263,-0.10864,-0.1101,-0.11424,5
-0.11653,-0.11552,-0.116,-0.11983,-0.11542,-0.11647,-0.11654,-0.11432,-0.11406,-0.11591,-0.11734,-0.11828,-0.11678,-0.11621,-0.11935,-0.10767,-0.11294,-0.11658,-0.12025,-0.11409,-0.11823,-0.11087,-0.11068,-0.1188,-0.11691,-0.11715,-0.11148,-0.11663,-0.11592,-0.11503,-0.11626,-0.12062,5
-0.11616,-0.11526,-0.1189,-0.11818,-0.11803,-0.11352,-0.11845,-0.11787,-0.11292,-0.11672,-0.11521,-0.11552,-0.11696,-0.11632,-0.1159,-0.11286,-0.11807,-0.10996,-0.11613,-0.11788,-0.11042,-0.11692,-0.11432,-0.1168,-0.10871,-0.11415,-0.11403,-0.1139,-0.11701,-0.12029,-0.11708,-0.11941,5
-0.11632,-0.11309,-0.11681,-0.11493,-0.11597,-0.12006,-0.11896,-0.11674,-0.11599,-0.11183,-0.11749,-0.11695,-0.11651,-0.11719,-0.1157,-0.11419,-0.11703,-0.11445,-0.11567,-0.11509,-0.11769,-0.11651,-0.11314,-0.11021,-0.11653,-0.1145,-0.11805,-0.1178,-0.11551,-0.11504,-0.1179,-0.11806,5
-0.11502,-0.11371,-0.11789,-0.11623,-0.11594,-0.11322,-0.11818,-0.12107,-0.10944,-0.11713,-0.11155,-0.11213,-0.11454,-0.11216,-0.11523,-0.11906,-0.11375,-0.11408,-0.11674,-0.10851,-0.11662,-0.10926,-0.11806,-0.11186,-0.11575,-0.11664,-0.11767,-0.11567,-0.11624,-0.11382,-0.11633,-0.11803,5
-0.11985,-0.11409,-0.11971,-0.11598,-0.11794,-0.11335,-0.1157,-0.11758,-0.11747,-0.11705,-0.1154,-0.11554,-0.11656,-0.11669,-0.11675,-0.11677,-0.11758,-0.11733,-0.11675,-0.11775,-0.11408,-0.11272,-0.1157,-0.11669,-0.11714,-0.11768,-0.1175,-0.11621,-0.11574,-0.11737,-0.11816,-0.11685,5
-0.11793,-0.11373,-0.1156,-0.10911,-0.11824,-0.11579,-0.11723,-0.11537,-0.11385,-0.11858,-0.11878,-0.11149,-0.11454,-0.11126,-0.11695,-0.11568,-0.11837,-0.11345,-0.11712,-0.11215,-0.11677,-0.11574,-0.1139,-0.10966,-0.11931,-0.12048,-0.11284,-0.11938,-0.11706,-0.11699,-0.11369,-0.11287,5
-0.11615,-0.11903,-0.11444,-0.11604,-0.11941,-0.11897,-0.11627,-0.11705,-0.11316,-0.11335,-0.11768,-0.11575,-0.11611,-0.10911,-0.11311,-0.11178,-0.11629,-0.11773,-0.11375,-0.11705,-0.11421,-0.11585,-0.11894,-0.11778,-0.11711,-0.11909,-0.11577,-0.11341,-0.11475,-0.11337,-0.11823,-0.11706,5
